id,avtor

15th_Street,Carl Burgos

48th_Street,Carl Burgos

75th_Street,Jack Kirby

A-14_(Earth-616),Gene Colan

A-Chiltarians,Ernest Hart

A-Chiltarians,Don Heck

A.I.M._Sub,Jack Kirby

A.I.M._Uniforms,Don Heck

A.I.M._Uniforms,Jack Kirby

Abner_Jenkins_(Earth-616),Carl Burgos

Abner_Jonas_(Earth-616),Wally Wood

Abraham_Lincoln_(Earth-616),Jack Kirby

Absorba-Bomb,Jack Kirby

Absorbing_Man%27s_Ball_and_Chain,Jack Kirby

Abstract_Entities,Steve Ditko

Abu_Ben_Hakim_(Earth-616),Steve Ditko

Abu_Dakir_(Earth-616),Jack Kirby

Aces_Wilde_(Earth-616),Gene Colan

Ace_Fenton_(Earth-616),Dick Ayers

Acme_Warehouse,Steve Ditko

Actor_(Spy)_(Earth-616),Robert Bernstein

Actor_(Spy)_(Earth-616),Don Heck

Adamantine_(Metal),Jack Kirby

Adam_Able_(Earth-616),Steve Ditko

Adam_Warlock_(Earth-616),Jack Kirby

Adam_Warlock_(Earth-616),Roy Thomas

Adaptoids,Gene Colan

Adaptoids,Jack Kirby

Adhesive_X,Jack Kirby

Adjudicator_(Earth-71016),John Romita Jr.

Adrian_Toomes_(Earth-616),Steve Ditko

Adria_(Earth-616),Steve Ditko

Advanced_Idea_Mechanics_(Earth-616),Jack Kirby

Aesir_(2099)_(Earth-928),Paul Ryan

Agatha_Harkness_(Earth-616),Jack Kirby

Aged_Genghis_(Earth-616),Steve Ditko

Agent_3_(Schlag)_(Earth-616),Jack Kirby

Agent_3_(Schlag)_(Earth-616),George Tuska

Agent_L_(Earth-616),Jack Kirby

Agent_L_(Earth-616),John Severin

Agent_R-2_(Earth-616),Gene Colan

Aggamon_(Earth-616),Steve Ditko

"Agnar,_King_of_the_Eagles_(Earth-616)",Don Heck

Agnar_(Earth-616),Jack Kirby

Agon_(Earth-616),Jack Kirby

Air-Walker_(Automaton)_(Earth-616),John Buscema

Aireo_(Earth-616),Jack Kirby

Air_Gun,Jack Kirby

Akar_(Earth-616),Mike Ploog

Alan_Turing_(Earth-616),Mark Waid

Alberia,Don Heck

Albert_Einstein_(Earth-616),Don Heck

Albert_Malik_(Earth-616),John Romita

Albert_Malik_(Earth-616),Steve Englehart

Albert_Poole_(Earth-616),Paul Reinman

Alchemax_Board_of_Directors_(Earth-928),Paul Ryan

Alec_Dupledge_(Earth-928),Paul Ryan

Aleksei_Sytsevich_(Earth-616),John Romita Sr.

Aleksei_Sytsevich_(Earth-92131),Avi Arad

Aleksei_Sytsevich_(Earth-92131),Stan Berkowitz

Aleksei_Sytsevich_(Earth-92131),Meg McLaughlin

Aleksei_Sytsevich_(Earth-92131),Len Wein

Aleksei_Sytsevich_(Earth-92131),John Semper

Alexander_Gentry_(Earth-616),Ernest Hart

Alexander_Gentry_(Earth-616),Don Heck

Alibar_(Earth-616),Jack Kirby

Alicia_Masters_(Earth-616),Jack Kirby

Alicia_Masters_(Earth-71016),John Romita Jr.

Allan_Stevens_(Earth-616),Steve Ditko

Alpha_Primitives,Jack Kirby

Alvin_Bernard_Harper_(Earth-616),John Buscema

Al_Hartley_(Earth-616),Al Hartley

Amora_(Earth-616),Jack Kirby

Amulet_of_Agamotto,Steve Ditko

Anastasia_Hardy_(Earth-92131),Avi Arad

Anastasia_Hardy_(Earth-92131),Brooks Wachtel

Anastasia_Hardy_(Earth-92131),Cynthia Harrison

Anderthorp_Henton_(Earth-928),Paul Ryan

Andrew_Davis_(Earth-616),Steve Ditko

Andrew_Thatcher_(Earth-616),Jack Kirby

Andre_Rostov_(Earth-616),Robert Bernstein

Andre_Rostov_(Earth-616),Don Heck

Android_Man_(Earth-616),Jack Kirby

Android_X-4_(Earth-616),Gene Colan

Andromeda_Galaxy,Jack Kirby

Anelle_(Earth-616),Jack Kirby

Angelo_Baldini_(Earth-616),Robert Bernstein

Angelo_Baldini_(Earth-616),Jack Kirby

Angel_(Mysterio%27s_Robots)_(Earth-616),Steve Ditko

Angorr_(Earth-928),Paul Ryan

Anna_May_(Earth-616),Steve Ditko

Anna_May_(Earth-77013),John Romita

Anne_Avery_(Earth-616),Larry Lieber

Anne_Avery_(Earth-616),Jack Kirby

Anne_Burke_(Earth-616),Jack Kirby

Anne_Carter_(Earth-616),Larry Lieber

Anne_Carter_(Earth-616),Don Heck

Anne_Wentworth_(Earth-616),Larry Lieber

Anne_Wentworth_(Earth-616),Gene Colan

Annihilus_(Earth-616),Jack Kirby

Ann_Macintosh_(Earth-616),Ron Frenz

Ann_Norton_(Earth-616),Joe Maneely

Ant-Man%27s_Ants,Larry Lieber

Ant-Man%27s_Ants,Jack Kirby

Ant-Man%27s_Helmet,Larry Lieber

Ant-Man%27s_Helmet,Jack Kirby

Ant-Man%27s_Suit,Jack Kirby

Anthony_Amore_(Earth-616),Al Hartley

Anthony_Baskerville_(Earth-616),Steve Ditko

Anthony_Stark_(Earth-616),Larry Lieber

Anthony_Stark_(Earth-616),Don Heck

Anthony_Stark_(Earth-616),Jack Kirby

Anthony_Stark_(Earth-70813),Kevin Maguire

Anthony_Stark_(Earth-71016),John Romita Jr.

Anthony_Stark_(Earth-77013),Larry Lieber

Anti-Magnetic_Inverter_(Spider-Man),Steve Ditko

Antoinette_Turner_(Earth-616),Stan Goldberg

Anton_Axel_(Earth-616),Steve Ditko

Anton_Vanko_(Crimson_Dynamo)_(Earth-616),Robert Bernstein

Anton_Vanko_(Crimson_Dynamo)_(Earth-616),Don Heck

Anuxa_(Earth-616),Don Heck

An_Thoc,Jack Kirby

Apache_(Earth-616),Bob Brown

Ape_(Old_West)_(Earth-616),Dick Ayers

Aphrodite_Ourania_(Earth-616),Lin Streeter

Archeopia,Jack Kirby

Archeopians,Jack Kirby

Ardina_(Earth-7888),Jack Kirby

Ares_(Earth-616),Ramona Patenaude

Ares_(Earth-616),Jack Kirby

Army_of_Assassins_(Earth-616),Jack Kirby

Arnold_Brown_(Earth-616),Jack Kirby

Arnold_Porter_(Earth-616),Al Hartley

Arrowhead_Pass,Jack Kirby

Artemis_(Olympian)_(Earth-616),Jack Kirby

Arthrosians,Jack Kirby

Arthur_Parks_(Earth-616),Art Simek

Arthur_Parks_(Earth-616),Don Heck

Arthur_Stacy_(Earth-616),John Romita

Artificial_Being_(Earth-616),Jack Kirby

Artur_Zarrko_(Earth-6297),Jack Kirby

Asgardians,Larry Lieber

Asgardians,Jack Kirby

Asgardians,Werner Roth

Asgardian_Dragons,Jack Kirby

Asgard_(City),Larry Lieber

Asgard_(City),Jack Kirby

Asgard_(Realm),Larry Lieber

Asgard_(Realm),Jack Kirby

Ashley_Hunt_(Earth-616),Jack Kirby

Aske_(Earth-616),Jack Kirby

Asteroid_M,Jack Kirby

Astral_Plane,Steve Ditko

Astra_(Planet),Steve Ditko

Athena_Parthenos_(Earth-616),Jack Kirby

Atlanta,Al Hartley

Atlantis_(Byrrah),Jack Kirby

Atlantis_(Empire),Plato

Atlantis_(Empire),Jack Kirby

Atlantis_(Modern),Vic Carrabotta

Atmo-Web,Jack Kirby

Atmo_Gun,Jack Kirby

Atom_Igniter,Jack Kirby

Attilan,Jack Kirby

Attuma_(Earth-616),Jack Kirby

Aunt_Edith_(Earth-616),Al Hartley

Aunt_May%27s_House,Steve Ditko

Aunt_May_(Earth-616),Steve Ditko

Avengers_(Earth-616),Jack Kirby

Avengers_(Earth-70813),Kevin Maguire

Avengers_(Earth-77013),Larry Lieber

Avengers_Mansion,Jack Kirby

Awesome_Android_(Earth-616),Jack Kirby

Axonn-Karr_(Earth-616),Don Heck

B._J._Kosmojian_(Earth-616),Robert Bernstein

B._J._Kosmojian_(Earth-616),Joe Sinnott

Ba-Korr_(Earth-616),Steve Ditko

Baby_Face_Barker_(Earth-616),Al Hartley

Badoon,John Buscema

Balder_Odinson_(Earth-616),Larry Lieber

Balder_Odinson_(Earth-616),Jack Kirby

Baldy_Kolak_(Earth-616),Jerry Siegel

Baldy_Kolak_(Earth-616),Dick Ayers

Baltag_(Earth-6311),Don Heck

Baluurians,Jack Kirby

Barney_Bushkin_(Earth-616),Steve Ditko

Baron_Mordo%27s_Minions_(Earth-616),Steve Ditko

Baron_Radzik_(Earth-616),Larry Lieber

Baron_Zemo%27s_Sword,Jack Kirby

Bart_Dietzel_(Earth-616),Gene Colan

Basallo_(Earth-616),Jack Kirby

Bast_(Earth-616),Jack Kirby

Batroc%27s_Brigade_(Earth-616),Jack Kirby

Bavaria,Steve Ditko

Bavarian_Alps,Steve Ditko

Baxter_Bigelow_(Earth-616),Steve Ditko

Baxter_Building,Jack Kirby

Baxu_(Earth-616),Robert Bernstein

Baxu_(Earth-616),Jack Kirby

Beak_(Nazi)_(Earth-616),Harry Sahle

Beasts_of_Berlin_(Earth-616),Dick Ayres

Beast_(Mysterio%27s_Robots)_(Earth-616),Steve Ditko

Beatles_(Earth-616),Bob Powell

Beetle_Armor_MK_I,Carl Burgos

Behemoth_(Atlantean_Beast)_(Earth-616),Adam Austin

Behemoth_(Atlantean_Beast)_(Earth-616),Bill Everett

Belle_Thorne_(Earth-616),Jack Kirby

Benjamin_Grimm_(Earth-1102),Dale Eaglesham

Benjamin_Grimm_(Earth-616),Jack Kirby

Benjamin_Grimm_(Earth-71016),John Romita Jr.

Benjamin_Grimm_(Earth-77013),Larry Lieber

Benjamin_Grimm_(Earth-8466),Jack Kirby

"Benjamin_Grimm_(Skrull,_Cow)_(Earth-616)",Jack Kirby

Benjamin_Parker_(Earth-616),Steve Ditko

Benjamin_Parker_(Earth-77013),John Romita

Benjamin_Tucker_(Earth-616),Jim Mooney

Benjamin_Tucker_(Earth-616),David Oliphant

Bennett_Brant_(Earth-616),Steve Ditko

Bennington_Brown_(Earth-616),Jack Keller

Bentley_Wittman_(Android)_(Earth-616),Jack Kirby

Bentley_Wittman_(Earth-616),Larry Lieber

Bentley_Wittman_(Earth-616),Jack Kirby

Ben_Bart_(Earth-616),Jack Kirby

Ben_Bragg_(Earth-616),Jack Kirby

Ben_Carson_(Earth-616),Jack Kirby

Ben_Carter_(Earth-616),Larry Lieber

Ben_Carter_(Earth-616),Don Heck

Ben_Dancer_(Earth-616),Jack Kirby

Ben_Kragg_(Earth-616),Steve Ditko

Berchtesgaden,Gene Colan

Berhert,Herbert Trimpe

Bernard_O%27Brien_(Earth-616),Steve Ditko

Bernard_the_Poet_(Earth-616),Jack Kirby

Bert_Rose_(Earth-616),Bill Everett

Bert_Rose_(Earth-616),Marv Wolfman

Bert_Rose_(Earth-616),Bob Brown

Bestla_(Earth-616),Jack Kirby

Beth_Kemperer_(Earth-7888),Jack Kirby

Betty_Bliss_(Earth-616),Al Hartley

Betty_Dean_(Earth-77013),Larry Lieber

Betty_Dean_(Earth-77013),Alex Saviuk

Beverly_Carter_(Earth-616),Jack Kirby

Beverly_Dayton_(Earth-616),John Buscema

Bifrost,Larry Lieber

Bifrost,Jack Kirby

Big-Time_(Bigelow)_(Earth-77013),Larry Lieber

Biggie_Benson_(Earth-616),Gene Colan

Bigshot_(Earth-77013),Larry Lieber

Big_Bill_Corbett_(Earth-616),Jack Kirby

Big_Gully_Dam,Jack Kirby

Big_Joe_(Earth-616),John Romita Sr.

Big_Joe_(Earth-616),Frank Giacoia

Big_Joe_(Mobster)_(Earth-616),Jack Kirby

Big_Sam_(Samuel)_(Earth-616),Mike Sekowsky

Billy_Langley_(Earth-616),Jack Kirby

Bill_Brinkly_(Earth-616),Steve Ditko

Bill_Carter_(Earth-616),Larry Lieber

Bill_Carter_(Earth-616),Don Heck

Bill_Cooper_(Earth-616),Jack Kirby

Bill_Leonard_(Earth-616),Dick Ayers

Bill_Lindo_(Earth-616),Jack Davis

Bill_Segrist_(Earth-616),Jack Kirby

Bio-Synthetic_Wings,Ernie Hart

Bio-Synthetic_Wings,Jack Kirby

Bisq_(Earth-616),Jack Kirby

Blackagar_Boltagon_(Earth-616),Jack Kirby

Blackagar_Boltagon_(Earth-71016),John Romita Jr.

Blackie_Carter_(Earth-616),Don Heck

Blackie_Gaxton_(Earth-616),Steve Ditko

Blackie_Skarr_(Earth-616),Jack Kirby

Blackjack_Bordon_(Earth-616),Jack Kirby

Black_Barker_(Earth-616),Jack Kirby

Black_Feather_(Earth-616),Jack Keller

Black_Galaxy,Jack Kirby

Black_Knight_(Animated_Armor)_(Earth-616),Jack Kirby

Black_Silas_(Earth-616),Jack Keller

Black_Swamp,Jack Kirby

Black_Widow%27s_Gauntlets,Don Heck

Blade_Benson_(Earth-616),Jack Keller

Blanche_Carter_(Earth-616),Stan Goldberg

Blastaar_(Earth-616),Jack Kirby

Blastaar_(Earth-78909),Roy Thomas

Blips,Jack Kirby

Blitzkrieg_Squad_(Earth-616),Dick Ayers

Blizzard_Armor,Robert Bernstein

Blizzard_Armor,Don Heck

Bloodaxe_(Enchanted_Axe),Jack Kirby

Blue_Area_of_the_Moon,Jack Kirby

Blue_City,Jack Kirby

Body-Transferral_Ray,Gene Colan

Bolivar_Trask_(Earth-616),Jack Kirby

Bombu_(Earth-616),Jack Kirby

Bombu_(Earth-616),Dick Ayers

Bones_(Earth-616),Jack Kirby

Booie_Dawdly_(Earth-616),Mike Suchorsky

Boopsie_(Earth-616),Bob Powell

Border_City,Jack Kirby

Borers,Jack Kirby

Borgo_(Earth-616),John Buscema

Boris_(Latverian)_(Earth-616),Jack Kirby

Boris_Bullski_(Earth-616),Don Heck

Boris_Monguski_(Earth-616),Jack Kirby

Boris_Petrovsky_(Earth-616),Jack Kirby

Boris_Turgenov_(Earth-616),N. Korok

Boris_Turgenov_(Earth-616),Don Heck

Borjigin_Byambyn_Khenbish_(Earth-616),Jack Kirby

Bornag_Royale_(Earth-616),Jack Kirby

Bor_Burison_(Earth-616),Jack Kirby

Boss_(Earth-616),Gene Colan

Boss_Barker_(Earth-616),Jack Kirby

Boswell_(Earth-616),John Romita Sr.

Bottomless_Canyon,Jack Kirby

Bottomless_Lake,Jack Kirby

Brad_Carter_(Scientist)_(Earth-616),Steve Ditko

Braggi_(Earth-616),Jack Kirby

Bret_Marlowe_(Earth-616),Larry Lieber

Bret_Marlowe_(Earth-616),Steve Ditko

Brian_Muldoon_(Earth-616),John Romita

Brian_Xavier_(Earth-616),Jack Kirby

Brian_Xavier_(Earth-616),Alex Toth

Brimer_(Earth-616),Jack Kirby

Brok_(Asgardian)_(Earth-616),Jack Kirby

Brona_(Earth-616),Jack Kirby

Brotherhood_of_Evil_Mutants_(Earth-616),Jack Kirby

Brother_Royal_(Earth-616),John Buscema

Bruce_Andrews_(Earth-616),Jack Kirby

Bruce_Baker_(Earth-616),Al Hartley

Bruce_Banner_(Earth-616),Jack Kirby

Bruce_Banner_(Earth-70813),Kevin Maguire

Bruce_Banner_(Earth-77013),Larry Lieber

Bruce_Baxter_(Earth-616),Pete Tumlinson

Bruce_Brent_(Earth-616),Don Rico

Bruce_Kulick_(Earth-9658),Mort Todd

Bruce_Kulick_(Earth-9658),Gene Simmons

Bruce_Olafsen_(Earth-616),Jack Kirby

Bruno_Horgan_(Earth-616),Steve Ditko

Brushnev_(Earth-616),Don Heck

Bryant_Park,Gene Colan

Bulgaria,Jack Kirby

Bull%27s_Thug%27s_Armored_Suit,Jack Kirby

Bulldozer_(M.O.D.O.K.%27s_Automaton)_(Earth-616),Gene Colan

Bull_(Criminal)_(Earth-616),Jack Kirby

Bull_Barker_(Earth-616),Don Heck

Bull_Barton_(Earth-616),Jack Keller

Bull_Brogin_(Earth-616),Jack Kirby

Bull_Yaeger_(Earth-616),Joe Maneely

Bumpkin_(Earth-616),Scott Lobdell

Burglar_(Earth-616),Steve Ditko

Buri_(Earth-616),Jack Kirby

Buster_Bailey_(Earth-616),Al Hartley

Butch_(Tough_Kid_Squad)_(Earth-616),Mike Sekowsky

Cack_Clugg_(Earth-616),Jack Kirby

Cain_Marko_(Earth-616),Jack Kirby

Cain_Marko_(Earth-616),Alex Toth

Caldwell_Rozza_(Earth-616),Gene Colan

Calico_Kid_(Earth-616),John Buscema

Calvin_Rankin_(Earth-616),Jack Kirby

Calvin_Zabo_(Earth-616),Don Heck

Cap%27n_Barracuda_(Earth-616),Jack Keller

Cape_Citadel,Jack Kirby

"Captain_America_(Impersonator,_Sons_of_the_Serpent)_(Earth-616)",Don Heck

Captain_Barracuda_(Earth-616),Jack Kirby

Captain_Corbett_(Earth-616),Jack Keller

Captain_Kane_(Earth-616),Jack Kirby

Carelius_(Earth-6311),Don Heck

Carla_Strange_(Earth-616),Robert Bernstein

Carla_Strange_(Earth-616),Jack Kirby

Carlo_Strange_(Earth-616),Robert Bernstein

Carlo_Strange_(Earth-616),Jack Kirby

Carlo_Zota_(Earth-616),Carl Burgos

Carlo_Zota_(Earth-616),Robert O. Erisman

Carlo_Zota_(Earth-616),Newt Alfred

Carlo_Zota_(Earth-616),Jack Kirby

Carl_Collins_(Earth-63157),Larry Lieber

Carl_Creel_(Earth-600026),Jack Kirby

Carl_Creel_(Earth-616),Jack Kirby

Carl_Kaxton_(Earth-616),Wally Wood

Carl_Zante_(Earth-616),Larry Lieber

Carl_Zante_(Earth-616),Dick Ayers

Carole_Jennings_(Earth-77013),John Romita

Carson_Bells_(Earth-616),Don Rico

Carter_Street,Gene Colan

Castle_Doom,Jack Kirby

Cat-Man_(Alien)_(Earth-616),Jack Kirby

Cat_Burglar_(Earth-616),Steve Ditko

Cavern_of_Darkness,Dan Adkins

Cave_of_Shadows,Gene Colan

Cave_of_Thor%27s_birth,Larry Lieber

Cave_of_Thor%27s_birth,Jack Kirby

Cedric_Rawlings_(Earth-616),Jack Kirby

Celia_Rawlings_(Earth-616),Jack Kirby

Cerberus_(Earth-616),Jack Kirby

Cerebro_(Mutant_Detector),Jack Kirby

Chair_of_Survival,Jack Kirby

Chan_Liuchow_(Earth-616),Jack Kirby

Chao-Tung_(Earth-616),Larry Lieber

Chao_Yen_(Earth-616),Don Heck

Charles_Bentley_(Earth-616),Jack Kirby

Charles_Brown_(Earth-616),Al Hartley

Charles_Buchanan_(Earth-616),Steve Ditko

Charles_Burton_(Earth-616),Don Heck

Charles_Cragmore_(Earth-616),Jack Kirby

Charles_Duntmore_(Earth-616),Paul Reinman

Charles_J._Wentworth_(Earth-616),Jack Kirby

Charles_Lawson_(Earth-616),Jerry Siegel

Charles_Lawson_(Earth-616),Dick Ayers

Charles_Murphy_(Earth-616),Steve Ditko

Charles_Stanton_(Earth-616),Larry Lieber

Charles_Stanton_(Earth-616),Jack Kirby

Charles_Wentworth_(Earth-616),Larry Lieber

Charles_Xavier_(Earth-616),Jack Kirby

Charles_Xavier_(Earth-71016),John Romita Jr.

Charleton_Carter_(Earth-616),Steve Ditko

Charlie_Burke_(Earth-616),Jack Kirby

Charlie_Duff_(Earth-616),Paul Reinman

Charlie_Harris_(Earth-616),Jack Kirby

Charlie_Wilkes_(Earth-616),Don Heck

Chen_Lu_(Earth-616),Robert Bernstein

Chen_Lu_(Earth-616),Jack Kirby

Chet_Brinkley_(Earth-616),Don Heck

Chet_Huntley_(Earth-616),Steve Ditko

Cheyarafim,Chuck Austen

Cheyarafim,Jack Kirby

Chips_Brant_(Earth-616),Al Avison

Cho_Sak_(Earth-616),Jack Kirby

Chrysler_Building,Jack Kirby

Chuck_Dawson_(Earth-616),Jack Kirby

Chuda_(Earth-616),Jack Kirby

Chung_Liuchow_(Earth-616),Jack Kirby

Circle_of_the_Seraphim,Marie Severin

Circus_of_Crime_(Earth-616),Joe Simon

Circus_of_Crime_(Earth-616),Jack Kirby

Circus_of_Crime_(Earth-616),Dick Ayers

Circus_of_Crime_(Old_West)_(Earth-616),Jack Keller

Claire_Gideon_(Earth-616),Jack Kirby

Clarence_Snippe_(Earth-616),Lin Streeter

Clay_Rockwell_(Earth-616),Jack Kirby

Clea_(Earth-616),Steve Ditko

Clem_Carter_(Earth-616),Jack Kirby

Cletus_Hondo_(Earth-616),Dick Ayers

Cliff_Carter_(Earth-616),Al Hartley

Clifton,Gene Colan

Clinton_Barton_(Earth-616),Don Heck

Clive_Bentley_(Earth-616),Steve Ditko

Cloak_of_Levitation,Steve Ditko

Cockroach_(Earth-77013),Larry Lieber

Coffee_A_Go-Go,Jack Kirby

Coffee_Pot,John Buscema

Colonel_Hendershoot_(Earth-616),Jack Kirby

Colonel_Stevens_(Earth-616),Bruce Timm

Colossus_(Super_Computer)_(Earth-60672),Jack Kirby

Colossus_(Vegan)_(Earth-616),Dick Ayers

Commissar_(Android)_(Earth-616),Don Heck

Connors_Formula,Steve Ditko

Contra-Power_Ray,Herb Trimpe

Cosmic-Beam_Gun,Jack Kirby

Cosmic_Cube,Jack Kirby

Cosmic_Tribunal_(Earth-71016),John Romita Jr.

Crang_(Earth-616),Steve Ditko

Crash_Carter_(Earth-616),Al Hartley

Crater_Isle,Jack Kirby

Crawling_Creature_(Earth-616),Jack Kirby

Creatures_(Kosmos),Jack Kirby

Creatures_(Kosmos),Ernest Hart

Creature_from_Krangro_(Earth-616),Jack Kirby

Creature_from_Krogarr_(Earth-616),Jack Kirby

Creature_from_the_Black_Bog_(Earth-616),Steve Ditko

Creyton_House,Larry Lieber

Creyton_House,Jack Kirby

Crimson_Bands_of_Cyttorak,Steve Ditko

Crimson_Circle_of_Cyttorak,Steve Ditko

Crimson_Crystals_of_Cyttorak,Marie Severin

Crimson_Dynamo_Armor_Mark_I,Robert Bernstein

Crimson_Dynamo_Armor_Mark_I,Don Heck

Crow_Mallon_(Earth-616),Paul Reinman

Cro_(Earth-616),Jack Kirby

Crusher_(Agent_of_Pluto)_(Earth-616),Jack Kirby

Crusher_Clark_(Earth-77013),John Romita

Crypto-Man_(Earth-616),Jack Kirby

Crystalia_Amaquelin_(Earth-616),Jack Kirby

Curtis_(Earth-616),Jack Kirby

Curtis_(Earth-616),Jay Gavin

Curtis_Connors_(Earth-616),Steve Ditko

Curtis_Connors_(Earth-77013),Larry Lieber

Cutza_(Earth-616),Jack Kirby

Cyborg_(Earth-616),Gene Colan

Cyclo-Electronic_Chamber,Jack Kirby

Cyclopes,Larry Lieber

Cyclopes,Don Heck

Cyclops%27_Visor,Jack Kirby

Cyclops_(A-Chiltarian_Robot)_(Earth-616),H.E. Huntley

Cyclops_(A-Chiltarian_Robot)_(Earth-616),Don Heck

Cyclops_(Mutate)_(Earth-616),Jack Kirby

Cyclops_(Mysterio%27s_Robots)_(Earth-616),Steve Ditko

Cyrus_Wolfe_(Earth-616),Al Hartley

D%27bari,Jack Kirby

Dack_(Earth-928),Paul Ryan

Daily_Bugle_Building,Jack Kirby

Dakkamites,John Buscema

Dancer_(Earth-616),Gene Colan

Danger_Room,Jack Kirby

Daniel_Brito_(Earth-616),Steve Ditko

Daniel_Damian_(Earth-616),Jack Kirby

Danny_Denton_(Earth-616),Harry Anderson

Danny_Dream_(Earth-616),Al Hartley

Danny_Slade_(Earth-616),Joe Maneely

Dan_Carter_(Earth-616),Jack Kirby

Dan_Durant_(Earth-616),Don Heck

Dan_Harper_(Earth-616),Jack Kirby

Dara_Dorset_(Earth-77013),Larry Lieber

Daredevil%27s_Billy_Club,Bill Everett

Daredevil%27s_Suit,Bill Everett

Dark_Dimension,Steve Ditko

Dark_Sea_(Asgard),Jack Kirby

Darryl_Williams_(Earth-616),Jack Kirby

Davey_Jones_(Earth-616),Stan lee

Davey_Jones_(Earth-616),Don Heck

David_Banner_(Earth-400005),Jack Kirby

David_Banner_(Earth-400005),Kenneth Johnson

David_Brinkley_(Earth-616),John Romita Sr.

David_Cannon_(Earth-616),Jack Kirby

Daydra_(Earth-616),Herb Trimpe

Deacon_(Criminal)_(Earth-616),Jack Kirby

Dead_Man%27s_Lake,Jack Kirby

Dean_Corliss_(Earth-616),Steve Ditko

Dean_Corliss_(Earth-616),John Romita Sr.

Dean_Mencken_(Earth-616),Jack Kirby

Deep-Sea_Fungus_(Earth-616),Jack Kirby

Della_Mason_(Earth-616),Lin Streeter

Demolisher_(Charles)_(Earth-77013),Larry Lieber

Demonicus_(Mordo%27s_Apprentice)_(Earth-616),Steve Ditko

Demon_of_the_Diamonds_(Earth-616),Gene Colan

Demon_of_the_Mask_(Earth-616),Steve Ditko

Demon_Riders_(Mogul_Servants)_(Earth-616),Jack Kirby

Derek_Derleth_(Earth-77013),Larry Lieber

Derrick_Dawes_(Earth-616),Mike Sekowsky

Destroyer_(Enchanted_Armor),Jack Kirby

Destructon_(Earth-616),Jack Kirby

Deviant_Mutates_(Deviant_Experiments),Jack Kirby

Deviant_Mutates_(Monstrous_Deviants),Jack Kirby

Deviant_Skrulls,Jack Kirby

Devil_Flats,Jack Kirby

Diamond_Head_(Earth-616),Gene Colan

Diamond_Head_(Earth-616),John Romita

Diane_Cummings_(Earth-616),Jack Kirby

Diane_Cummings_(Earth-616),Dick Ayers

Diane_Van_Lark_(Earth-616),Stan Goldberg

Dimension_of_Dreams,Steve Ditko

Dino_Manelli_(Earth-616),Jack Kirby

Dionysus_Acratophorus_(Earth-616),Ken Bald

Dionysus_Acratophorus_(Earth-616),Jack Kirby

Dirk_Collins_(Earth-616),Don Heck

Dirk_Garthwaite_(Earth-616),Jack Kirby

Disintegrator,Steve Ditko

Dmitri_Gregorin_(Earth-77013),Larry Lieber

Dmitri_Smerdyakov_(Earth-616),Steve Ditko

Doctor_Doom%27s_Armor,Jack Kirby

Doctor_Doom%27s_Castle_(Upstate_New_York),Jack Kirby

Doctor_Eternity_(Earth-616),Al Avison

Doctor_Molinari_(Earth-616),Jack Kirby

Doctor_Octopus%27_Tentacles,Steve Ditko

Doctor_Parker_(Earth-616),Jack Kirby

Doctor_Smithson_(Earth-77013),Larry Lieber

Doctor_Thaxton_(Earth-616),Gerry Conway

Doctor_Thaxton_(Earth-616),John Romita

Doctor_Van_Eyck_(Earth-616),Wally Wood

Doctor_Van_Eyck_(Earth-616),Bob Powell

Donald_Birch_(Earth-616),Don Heck

Donald_Blake_(Earth-616),Larry Lieber

Donald_Blake_(Earth-616),Jack Kirby

Donald_Blake_(Earth-70766),John Buscema

Donald_Grant_(Earth-616),Al Hartley

Donald_Jones_(Earth-616),H.E. Huntley

Donald_Jones_(Earth-616),Don Heck

Donna_Garth_(Earth-616),Bill Everett

Don_Hammond_(Earth-616),Al Hartley

Don_Hertz_(Earth-616),Jack Keller

Don_Reinman_(Earth-616),Mike Sekowsky

Don_Wilson_(Earth-616),Don Heck

Doombot,Jack Kirby

Doomsday_Man_(Earth-616),John Buscema

Doomstadt,Jack Kirby

Doormat_Noonan_(Earth-616),Al Hartley

Dora_Livingstone_(Earth-616),Al Gabriele

Dorian_Murdstone_(Earth-616),Robert Bernstein

Dorian_Murdstone_(Earth-616),Jack Kirby

Doris_Evans_(Earth-616),Jerry Siegel

Doris_Evans_(Earth-616),Dick Ayers

Doris_Raxton_(Earth-616),Steve Ditko

Dormammu_(Earth-616),Steve Ditko

Dorrek_VII_(Earth-616),Jack Kirby

Doug_Lewis_(Earth-616),John Romita

Dragonklaw_(Earth-928),Paul Ryan

Dragon_Man_(Earth-616),Jack Kirby

Dragoom_(Earth-616),Jack Kirby

Dreamstalker_(Earth-616),Steve Ditko

Drearcliff_Cemetery,Jim Steranko

Drom_(Asgardian)_(Earth-616),Jack Kirby

Droom_(Earth-616),Don Heck

Droom_(Earth-616),Jack Kirby

Druffs,Jack Kirby

Duke_Shores_(Earth-616),Al Avison

Durok_(Earth-616),John Buscema

Dwarves_of_Nidavellir,Jack Kirby

Earth_Orbit,Jack Kirby

Ebenezer_Laughton_(Earth-616),Don Heck

Ebony_(Earth-616),Jack Kirby

Ebony_Blade,Joe Maneely

Ecce_(Earth-616),Jack Kirby

Edna_Andrews_(Earth-616),Jack Kirby

Edna_Andrews_(Earth-616),Jay Gavin

Edward_Bentley_(Earth-616),Jack Kirby

Edward_Brock_(Earth-77013),Larry Lieber

Edward_Leeds_(Earth-616),Steve Ditko

Edward_Morgo_(Earth-616),Steve Ditko

Edwin_Aldrin_Jr_(Earth-616),Jack Kirby

Edwin_Jarvis_(Earth-616),Jack Kirby

Egg-Head_(Earth-616),Ed Winiarski

Egghead%27s_Android_(Earth-616),Steve Ditko

Ego%27s_Anti-bodies,Jack Kirby

Ego_(Earth-616),Jack Kirby

Elaine_Grey_(Earth-616),Jack Kirby

Elan,Jack Kirby

Elastika_(Earth-534834),Ron Friedman

Elastika_(Earth-534834),Steve Hayes

Elbert_Dribble_(Earth-616),Al Hartley

Elders_of_the_Universe_(Earth-616),Don Heck

Electro-Shock_Pistol,Jack Kirby

Electronic_Mass_Influencer,Jack Kirby

Elendil_(Earth-616),Dick Ayers

Eleonore_Brant_(Earth-616),Steve Ditko

Elias_Weems_(Earth-616),Larry Lieber

Elihas_Starr_(Earth-616),Jack Kirby

Eliot_Franklin_(Clown)_(Earth-616),Jack Kirby

Elixir_of_Recovery,Jack Kirby

Elizabeth_Allan_(Earth-616),Steve Ditko

Elizabeth_Brant_(Earth-616),Steve Ditko

Elizabeth_Ross_(Earth-600026),Jack Kirby

Elizabeth_Ross_(Earth-616),Jack Kirby

Elizabeth_Taylor_(Earth-616),Al Hartley

Ellen_Day_(Earth-77013),John Romita

El_Dorado_(City),Don Heck

Embla_(Earth-616),Jack Kirby

Emil_Blonsky_(Earth-616),Gil Kane

Emil_Blonsky_(Earth-70766),John Buscema

Emissaries_of_Evil_(Electro)_(Earth-616),Gene Colan

Emma_Frost_(Earth-71016),John Romita Jr.

Emnu_(Earth-616),Larry Lieber

Empire_State_University,Steve Ditko

Enchanters_(Earth-616),Jack Kirby

Enforcers_(Earth-616),Steve Ditko

Erica_Wolfmann_(Earth-616),Jack Kirby

Eric_Gruning_(Earth-616),Robert Bernstein

Eric_Gruning_(Earth-616),Jack Kirby

Eric_Koenig_(Earth-616),Dick Ayers

Eric_Schwinner_(Earth-616),Steve Ditko

Erik_Gorbo_(Earth-616),Gene Colan

Erik_Josten_(Earth-616),Jack Kirby

Ernesto_%26_Luigi_Gambonno_(Earth-616),Steve Ditko

Ernst_Mueller_(Earth-616),Dick Ayers

Esteban_Coraz%C3%B3n_de_Ablo_(Earth-616),Jack Kirby

Eternals_of_Eyung,John Buscema

Eternity_(Earth-616),Steve Ditko

Eugene_Thompson_(Earth-616),Steve Ditko

Eugene_Thompson_(Earth-77013),John Romita

European_Union,Jack Kirby

Evelyn_Hawley_(Earth-616),Jack Kirby

Everglades,Steve Ditko

Evil_Eye,Jack Kirby

Excalibur_(Sword),Joe Maneely

Exiles_(Earth-616),Robert Bernstein

Exiles_(Earth-616),Jack Kirby

Experiment_247_(Earth-616),Jack Kirby

Experiment_XYZ_(Earth-616),Jack Kirby

Eye_of_Agamotto,Steve Ditko

Fafnir_(Nastrond)_(Earth-616),Jack Kirby

Fairies_(Otherworld),Joe Maneely

Fandral_(Earth-616),Jack Kirby

Fandral_(Earth-77013),Larry Lieber

Fantasti-Flare,Jack Kirby

Fantastical_Four_(Earth-665),Jack Kirby

Fantastic_Four_(Earth-616),Jack Kirby

Fantastic_Four_Uniforms,Jack Kirby

Farbauti_(Earth-616),Kieron Gillen

Farbauti_(Earth-616),Jamie McKelvie

Farley_Stillwell_(Earth-616),Steve Ditko

Farnsworth_Estate,Jack Kirby

Farnsworth_Safe_and_Vault_Building,Larry Lieber

Farnsworth_Safe_and_Vault_Building,Joe Sinnott

Fatal_Finnegan_(Earth-616),Jack Kirby

Fellowship_of_Fear_(Earth-616),Wally Wood

Fenris_Wolf_(Earth-616),Jack Kirby

Fentom_Farnum_(Earth-616),Bob Powell

Fernusans,Larry Lieber

Ferret_(Earth-616),Jack Kirby

Fidel_Castro_(Earth-616),Gene Colan

Figaro_(Dog)_(Earth-616),Al Hartley

Fin_Fang_Foom_(Earth-616),Jack Kirby

Fireproof_Natives_(Earth-616),Jack Kirby

Fire_Demons,Jack Kirby

Fire_Giants,Jack Kirby

Flame-Eater_(Earth-616),Jack Kirby

Flash_Carter_(Earth-616),Matt Baker

Flint_(Goon)_(Earth-616),John Romita

Flippo_Jones_(Earth-616),Steve Ditko

Flora_colossi,Jack Kirby

Flora_colossi,Dick Ayers

Flying_Trolls_of_Thryhem,Jack Kirby

Fogwell%27s_Gym,William Blake Everett

Fong_(Earth-616),John Romita Sr.

Forest_Hills,Steve Ditko

Forsung_(Earth-616),Jack Kirby

Four-Armed_Men_(Earth-616),Larry Lieber

Four-Armed_Men_(Earth-616),Jack Kirby

Fox-People,Larry Lieber

Foxy_Briggs_(Earth-616),Steve Ditko

Francisco_Lobo_(Earth-616),Steve Ditko

Franklin_Nelson_(Earth-616),Bill Everett

Franklin_Richards_(Earth-616),Jack Kirby

Franklin_Richards_(Earth-71016),John Romita Jr.

Franklin_Richards_(Earth-8466),Jack Kirby

Franklin_Storm_(Earth-616),Jack Kirby

Frank_Castle_(Earth-77013),Larry Lieber

Frank_Farnum_(Earth-616),John Romita Sr.

Frank_Farnum_(Earth-616),Frank Giacoia

Frank_Johnson_(Rorgg)_(Earth-616),Larry Lieber

Frank_Johnson_(Rorgg)_(Earth-616),Jack Kirby

Frank_Oliver_(Earth-616),John Buscema

Frank_Smith_(Earth-616),Carl Burgos

Frank_Yarrow_(Earth-616),Joe Maneely

Franz_Anton_(Earth-616),Don Heck

Franz_Cadavus_(Earth-616),Robert Bernstein

Franz_Cadavus_(Earth-616),Jack Kirby

Franz_Gruber_(Earth-616),Jack Kirby

Franz_Radzik_(Earth-616),Jack Kirby

Frederick_Dukes_(Earth-616),Jack Kirby

Frederick_Duncan_(Earth-616),Jack Kirby

Frederick_Foswell_(Earth-616),Steve Ditko

Frederick_Myers_(Earth-616),Jack Kirby

Frederick_von_Banger_(Earth-616),Jack Binder

Fred_Cooper_(Earth-616),Jack Kirby

Freeze_Grenade,Jack Kirby

Freyja_Freyrdottir_(Earth-616),Robert Bernstein

Freyja_Freyrdottir_(Earth-616),Joe Sinnott

Frightful_Four_(Earth-616),Jack Kirby

Fritz_Flootzendootzen_(Earth-616),Jack Kirby

Fritz_Flootzendootzen_(Earth-616),Charles Nicholas

Fritz_von_Sydow_(Earth-616),Dick Ayers

Frost_Giants,Jack Kirby

Future_Man_(Earth-616),Otto Binder

Future_Man_(Earth-616),Syd Shores

Future_Man_(Earth-616),Al Avison

Future_Man_(Earth-616),Vince Alascia

G%27uranthic_Guardian_(Earth-616),Steve Ditko

Gabriel_Jones_(Earth-616),Jack Kirby

Galactus_(Earth-1102),Dale Eaglesham

Galactus_(Earth-71016),John Romita Jr.

Galactus_(Earth-7888),Jack Kirby

Galan_(Earth-616),Jack Kirby

Galaxy_Master_(Earth-616),Herb Trimpe

Galp_(Asgardian)_(Earth-616),Jack Kirby

Gamma_Ray_Projector,Jack Kirby

Gargantus_(Alien_Robot)_(Earth-616),Robert Bernstein

Gargantus_(Alien_Robot)_(Earth-616),Jack Kirby

Gary_Buser_(Earth-616),Jack Kirby

Gary_Gallant_(Earth-616),Al Hartley

Gayle_Tempest_(Earth-77013),Larry Lieber

Geirrodur_(Earth-616),Jack Kirby

General_Cartwright_(Earth-616),John Romita Sr.

General_Fang_(Earth-616),Jack Kirby

General_Fu_(Earth-616),Robert Bernstein

General_Fu_(Earth-616),Jack Kirby

General_Wo_(Earth-616),Jack Kirby

Gene_Colan_(Earth-616),Gene Colan

Geoffrey_Vandergill_(Earth-616),Charles Nicholas

Georges_Batroc_(Earth-616),Jack Kirby

George_Bentley_(Earth-616),Larry Lieber

George_Bentley_(Earth-616),Jack Kirby

George_Carter_(Earth-616),Jack Kirby

George_Grey_(Earth-616),Joe Orlando

George_Harrison_(Earth-616),Bob Powell

George_Stacy_(Earth-616),John Romita Sr.

George_Stacy_(Earth-616),Don Heck

George_Stonewell_(Earth-616),Jack Kirby

George_Tarleton_(Earth-616),Jack Kirby

George_Washington_(Earth-616),Syd Shores

Gerald_Marsh_(Earth-616),Larry Lieber

Gerald_Marsh_(Earth-616),Jack Kirby

Gerda_(Earth-616),Jack Kirby

Gerhard_Winkler_(Earth-616),John Romita

Ghan_(Earth-616),Jack Kirby

Ghazandi_(Earth-616),H.E. Huntley

Ghazandi_(Earth-616),Don Heck

Giant-Man%27s_Suit,Jack Kirby

Giant_One_(Earth-616),John Romita Sr.

Giant_Squids,Gene Colan

Gigantians,Archie Goodwin

Gigantians,John Buscema

Giganto_(Atlantean_Beast),Jack Kirby

Giganto_(Deviant_Mutate)_(Earth-616),Jack Kirby

Gigantus_(Earth-616),Jack Kirby

Gigantus_(Planet),Archie Goodwin

Gigantus_(Planet),John Buscema

Gil_Parker_(Earth-616),Al Hartley

Giuletta_Nefaria_(Earth-616),Gene Colan

Gjallerhorn,Jack Kirby

Glade_of_Crystals,Jack Kirby

Glenn_Talbot_(Earth-616),Steve Ditko

Gloom_Room_A-Go-Go,John Romita Sr.

Goblin_Armor,Steve Ditko

Goblin_Formula,John Romita Sr.

Gods,Lin Streeter

Gogo_(Earth-616),Bob Powell

Golden_Angel_(Wrestler)_(Earth-616),Jack Kirby

Golden_Angel_(Wrestler)_(Earth-616),Steve Ditko

Golden_Gate_Bridge,Jack Kirby

Golden_Gate_Bridge,Charles Nicholas

Goliath_(Limbo)_(Earth-616),Don Heck

Gondolff_(Earth-616),Jack Kirby

Googam_(Earth-616),Jack Kirby

Goom_(Earth-616),Jack Kirby

Goom_(Earth-616),Dick Ayers

Gopher_Gap,Jack Kirby

Gordon_Keefer_(Earth-616),Don Heck

Gorgi_Gruff_(Earth-616),Steve Ditko

Gorgon_(Earth-71016),John Romita Jr.

Gorgon_Petragon_(Earth-616),Jack Kirby

Gorki_(Earth-616),Bill Everett

Gorki_(Earth-616),Jack Kirby

Gorki_(Earth-616),Gene Colan

Gorko_(Earth-616),Larry Lieber

Gormagga_Kraal_(Earth-616),Jim Mooney

Gorr_(Kronans)_(Earth-616),Larry Lieber

Gorr_(Kronans)_(Earth-616),Jack Kirby

Gortmund,Jack Kirby

Gortmund,George Tuska

Gotron_(Earth-616),Jack Kirby

Graeme_Striker_(Earth-928),Paul Ryan

Grak_(Earth-616),Jack Kirby

Grand_Vizier_(Asgard)_(Earth-616),Jack Kirby

Granny_Gardenia_(Earth-616),Jack Kirby

Grappler_Ray,Jack Kirby

Gray_Madder_(Earth-616),Marcos Martin

Green_Berets_(Earth-928),Paul Ryan

Green_Thing_(Plant)_(Earth-616),Jack Kirby

Gregory_Gideon_(Earth-616),Jack Kirby

Gregory_Grant_(Earth-616),Al Hartley

Gregor_Shapanka_(Earth-616),Robert Bernstein

Gregor_Shapanka_(Earth-616),Don Heck

Gregson_Gilbert_(Earth-616),Jack Kirby

Greg_Strong_(Earth-616),Al Hartley

Grizzly_(A.I.M.)_(Earth-616),Gene Colan

Grizzly_Grogan_(Earth-616),Dick Ayers

Grizzly_Younger_(Earth-616),Jack Kirby

Grogg_(Earth-616),Jack Kirby

Grogg_(Earth-616),Dick Ayers

Grom_(Earth-616),John Buscema

Groot_(Original)_(Earth-616),Jack Kirby

Groot_(Original)_(Earth-616),Dick Ayers

Grottu_(Earth-616),Jack Kirby

Grottu_(Earth-616),Bill Everett

Growing_Man_(Earth-6311),Jack Kirby

Gruto_(Earth-616),Jack Kirby

Guardian_of_Infinity_(Earth-616),John Buscema

Guinevere_(Earth-616),Joe Maneely

Gulgol_(Earth-616),Steve Ditko

Gunner_Gates_(Earth-616),Jack Kirby

Guntharr_(Earth-616),Jack Kirby

Gunther_Bain_(Earth-616),Jack Kirby

Gunther_Strauss_(Earth-616),Al Avison

Gustav_Hauptmann_(Earth-616),Jack Kirby

Gwendolyne_Stacy_(Earth-616),Steve Ditko

Gwendolyne_Stacy_(Earth-665),Marie Severin

H._Warren_Craddock_(Skrull)_(Earth-616),Jack Kirby

Haag_(Alien)_(Earth-616),Steve Ditko

Haag_(Asgardian)_(Earth-616),Jack Kirby

Haakun_(Earth-616),Jack Kirby

Hades_(Earth-616),Jack Kirby

Hadley_Harper_(Earth-77013),John Romita

Hagstone_Junction,Bill Everett

Hagstone_Sanitarium,Bill Everett

Halcyon_Forest,Jack Kirby

Hamir_(Earth-616),Steve Ditko

Hammer_Hogan_(Earth-616),Jack Kirby

Hank_Jessup_(Earth-616),Joe Maneely

Hank_Rogers_(Earth-616),Paul Reinman

Hans_Rooten_(Earth-616),Dick Ayers

Hardol_(Earth-616),Jack Kirby

Hardy_Laurel_(Earth-77013),Larry Lieber

Harmon_General_Hospital,Jack Kirby

Harokin_(Earth-616),Jack Kirby

Harold_Heartbeat_(Earth-616),Al Hartley

Harold_Hogan_(Earth-616),Robert Bernstein

Harold_Hogan_(Earth-616),Don Heck

Harold_Kane_(Earth-616),Dick Ayers

Harold_Osborn_(Earth-616),Steve Ditko

Harold_Osborn_(Earth-77013),John Romita

Harrington_Byrd_(Earth-616),Robert Bernstein

Harrington_Byrd_(Earth-616),Don Heck

Harris_Hobbs_(Earth-616),Jack Kirby

Harry_Drumm_(Earth-616),Jack Kirby

Harry_Grubb_(Earth-616),Larry Lieber

Harry_Grubb_(Earth-616),Jack Kirby

Harry_Hook_(Earth-616),Steve Ditko

Harry_Markham_(Earth-616),Paul Reinman

Harry_Sikes_(Earth-616),Joe Maneely

Harvey_Elder_(Earth-616),Jack Kirby

Harvey_Schlemerman_(Earth-616),Larry Lieber

Harvey_Schlemerman_(Earth-616),Doug Wildey

Hassab_(Earth-616),Gene Colan

Hatap_(Earth-616),Robert Bernstein

Hatap_(Earth-616),Don Heck

Hate-Monger_(Earth-616),Jack Kirby

Hati_(Earth-616),Larry Lieber

Hawkeye%27s_Bow,Don Heck

Hawk_Brown_(Earth-616),Jack Kirby

Hazel_Sleek_(Earth-616),Al Hartley

Headstone_P._Gravely_(Earth-616),John Buscema

Heart-Shaped_Herb,Jack Kirby

Heathrow_Vance_(Earth-616),Russ Heath

Heath_Benson_(Earth-616),Dick Ayers

Hedy_Wolfe_(Earth-616),Stuart Little

Hedy_Wolfe_(Earth-616),Ruth Atkinson

Hedy_Wolfe_(Earth-616),Jack Kirby

Heimdall_(Earth-600026),Jack Kirby

Heimdall_(Earth-616),Larry Lieber

Heimdall_(Earth-616),Jack Kirby

Heimdall_(Earth-77013),Larry Lieber

Heinrich_Zemo_(Earth-616),Jack Kirby

Hel,Jack Kirby

Hela_(Earth-616),Jack Kirby

Helen_(Earth-616),Lin Streeter

Helen_Langley_(Earth-616),Jack Kirby

Helen_Smithson_(Earth-77013),Larry Lieber

Hell%27s_Kitchen,William Blake Everett

Henry_Bingham_(Earth-77013),John Romita

Henry_Burke_(Earth-616),Jack Kirby

Henry_Fletcher_(Earth-616),Don Heck

Henry_McCoy_(Earth-616),Jack Kirby

Henry_McCoy_(Earth-77013),Larry Lieber

Henry_Pym_(Earth-616),Larry Lieber

Henry_Pym_(Earth-616),Jack Kirby

Henry_Pym_(Earth-70813),Kevin Maguire

Henry_Tinkelbaum_(Earth-616),Charles Nicholas

Hephaestus_Aetnaeus_(Earth-616),Jack Kirby

Heralds_of_Galactus_(Earth-616),Jack Kirby

Hera_Argeia_(Earth-616),Jim Mooney

Hera_Argeia_(Earth-616),Jack Kirby

Herbert_Landon_(Earth-77013),Larry Lieber

Herbert_Wyndham_(Earth-616),Jack Kirby

Hercules_(Earth-616),Charles Nicholas

Hercules_(Earth-616),Jack Kirby

Herman_Schultz_(Earth-616),John Romita Sr.

Herman_Schultz_(Earth-77013),Larry Lieber

Herman_Schultz_(Earth-77013),Alex Saviuk

Herman_Terwilliger_(Earth-77013),Larry Lieber

Hermes_Diaktoros_(Earth-616),Don Rico

Hermes_Diaktoros_(Earth-616),Jack Kirby

Herr_Demon_(Earth-616),Al Avison

Herr_Grotz_(Earth-616),Syd Shores

Herr_Krantz_(Earth-616),Charles Nicholas

Herr_Mongrel_(Earth-616),Don Rico

Hidden_Deeps,Gene Colan

High_Tribunal_(Watchers)_(Earth-616),Larry Lieber

Hildegund_(Earth-616),Jack Kirby

Hippolyta_(Earth-616),Jack Kirby

Hiram_Barney_(Earth-616),Denny O'Neil

Hiram_Barney_(Earth-616),Bill Everett

Hjarmal_Svenson_(Earth-616),Larry Ivie

Hjarmal_Svenson_(Earth-616),Larry Lieber

Hjarmal_Svenson_(Earth-616),Don Heck

Hlidskjalf,Jack Kirby

Hobie_Brown_(Earth-616),John Buscema

Hobie_Brown_(Earth-616),John Romita Jr.

Hofund,Jack Kirby

Hogun_(Earth-616),Jack Kirby

Hogun_(Earth-77013),Larry Lieber

Hog_Hogan_(Earth-616),Jack Kirby

Homo_neanderthalensis,Jack Kirby

Homo_superior,Jack Kirby

Honir_(Earth-616),Jack Kirby

Horace_Smithson_(Earth-77013),Larry Lieber

Horgon_(Earth-616),Joe Orlando

Horst_Lederer_(Earth-616),Jack Kirby

Hosts_of_Hoggoth,Steve Ditko

House_of_Agon_(Earth-616),Jack Kirby

House_of_Shadows_(Earth-616),Steve Ditko

Howard_Avery_(Earth-616),Jack Kirby

Howard_Huffinger_(Earth-77013),Larry Lieber

Howard_Lindley_(Earth-616),Jack Kirby

Howard_Lindley_(Earth-616),Dick Ayers

Howard_Mitchell_(Earth-616),Larry Lieber

Howard_Mitchell_(Earth-616),Jack Kirby

Howard_Ryland_(Earth-77013),Larry Lieber

Howling_Commandos_(Earth-616),Jack Kirby

Hoy_(Earth-616),Don Heck

Ho_Yinsen_(Earth-616),Larry Lieber

Ho_Yinsen_(Earth-616),Don Heck

Hubert_Van_Poole_(Earth-616),Syd Shores

Hugo_Bogg_(Earth-616),Steve Ditko

Hugo_the_Hippo_(Earth-77013),Larry Lieber

Hulk-Killer_(Earth-616),John Buscema

Hulk_Simon_(Earth-616),Chuck Miller

Humanoids_(Leader)_(Earth-616),Steve Ditko

Humanoid_Experimental_Robot_B-Type_Integrated_Electronics_(Earth-78909),Jack Kirby

Hunk_Larken_(Earth-616),Jack Kirby

Hunk_Larken_(Earth-616),Dick Ayers

Hu_Chen_(Earth-616),Don Heck

Hu_Sak_(Earth-616),Jack Kirby

Hyde_Formula,Don Heck

Hydra_Uniforms,Jack Kirby

Hymir_(King)_(Earth-616),Jack Kirby

Hyper-Sound_Piano,Jack Kirby

Hypno-Creature_(Earth-616),Larry Lieber

Hypno-Creature_(Earth-616),Jack Kirby

Hypno-Fish,Jack Kirby

Hypno-Persuader,Jack Kirby

Iceberg_Rocket,Jack Kirby

Ice_Giants,Jack Kirby

Ice_Queen_(Robot)_(Earth-616),Bob Powell

Idento-Disc,Jack Kirby

Idunn_(Earth-616),Jack Kirby

Ignatus_Rex_(Earth-616),Jack Kirby

Igor_(Earth-616),Jack Kirby

Igor_(Russian_Spy)_(Earth-616),N. Korok

Igor_(Russian_Spy)_(Earth-616),Don Heck

Igor_Drenkov_(Earth-616),Jack Kirby

Igron_(Earth-616),Jack Kirby

Ikor_(Watcher)_(Earth-616),Larry Lieber

Ilona_Harkovy_(Earth-616),Al Hartley

Images_of_Ikonn,Steve Ditko

Impossible_Man_(Earth-616),Jack Kirby

Impossible_Man_(Earth-78909),Roy Thomas

Impulse_Transmitter,Steve Ditko

Indestructible_One_(Earth-616),Jack Kirby

Infant_Terrible_(Earth-616),Jack Kirby

Inferno_42,Jack Kirby

Infinity_(Earth-616),John Buscema

Infinity_Studios,Jack Kirby

Inhomo_canis_lupus_familiaris,Jack Kirby

Inhumans_(Inhomo_supremis),Jack Kirby

Injun_Tom_(Earth-616),Jack Kirby

Insect_Man_(Earth-616),Jack Kirby

Inspector_Flint_(Earth-616),Don Heck

Instant_Hypnotism_Impulser,Jack Kirby

Insulato-Shield,Jack Kirby

Invincible_Robot_(Earth-616),Jack Kirby

Iranda_(Earth-616),John Buscema

Irma_Kruhl_(Earth-616),Jack Kirby

Iron_Man_Armor_Model_1,Larry Lieber

Iron_Man_Armor_Model_1,Don Heck

Iron_Man_Armor_Model_1,Jack Kirby

Iron_Man_Armor_Model_2,Steve Ditko

Iron_Man_Armor_Model_3,Don Heck

Irving_Cohen_(Earth-616),Dick Ayers

Irving_Forbush_(Earth-665),Jack Kirby

Isadore_Cohen_(Earth-616),Jack Kirby

Island_of_the_Cyclops,Larry Lieber

Island_of_the_Cyclops,Don Heck

"It,_the_Silent_One_(Earth-616)",Dan Adkins

It_the_Living_Colossus_(Earth-616),Jack Kirby

Ivan_Karlovich_(Earth-616),Jack Kirby

Ivan_Kragoff_(Earth-616),Jack Kirby

Ivan_Krushki_(Earth-616),Robert Bernstein

Ivan_Krushki_(Earth-616),Jack Kirby

Ivan_Petrovsky_(Earth-616),Jack Kirby

J.B._Hall_(Earth-616),Al Hartley

J.P._Fiance_(Earth-616),Al Hartley

J.W._(Earth-616),John Romita

J._Jawbone_Junkton_(Earth-665),Marie Severin

J._Nelson_Earplug_(Earth-616),Al Hartley

Jackson_Brice_(Earth-616),Steve Ditko

Jack_Brown_(Earth-616),Jack Kirby

Jack_Frost_(Earth-616),Charles Nicholas

Jack_Kirby_(Earth-616),Jack Kirby

Jack_Pulver_(Earth-616),Jack Kirby

Jacqueline_Bouvier_(Earth-616),Al Hartley

Jacqueline_Tavarez_(Earth-616),Jim Salicrup

Jacqueline_Tavarez_(Earth-616),Barry Dutter

Jacqueline_Tavarez_(Earth-616),Denys Cowan

Jacqueline_Tavarez_(Earth-616),Jimmy Palmiotti

Jacques_Duquesne_(Earth-616),Don Heck

James_Howlett_(Earth-71016),John Romita Jr.

James_Howlett_(Earth-77013),Larry Lieber

"James_Larkin,_Jr._(Earth-616)",Sol Brodsky

James_P._Carter_(Earth-616),Stan Goldberg

James_White_(Earth-616),Don Rico

Janet_van_Dyne_(Earth-616),Ernest Hart

Janet_van_Dyne_(Earth-616),Jack Kirby

Janet_Van_Dyne_(Earth-70813),Kevin Maguire

Janet_Wilson_(Earth-616),Don Heck

Janet_Wynn_(Earth-77013),John Romita

Jane_Bryant_(Earth-616),Bill Everett

Jane_Foster_(Earth-616),Jack Kirby

Jan_Stark_(Earth-616),Al Hartley

Jasker_Jelko_(Earth-616),Jack Kirby

Jason_Cragg_(Earth-616),Larry Lieber

Jason_Cragg_(Earth-616),Don Heck

Jason_Wilkes_(Earth-616),Jack Kirby

Jason_Wyngarde_(Earth-616),Jack Kirby

Jasper_Sitwell_(Earth-616),Howard Purcell

Jelly_Men_(Earth-616),Vince Alascia

Jennifer_Walters_(Earth-616),John Buscema

Jeremy_Logan_(Earth-616),Gene Colan

Jericho_Brand_(Earth-77013),Larry Lieber

Jerome_Hamilton_(Scientist)_(Earth-616),Carl Burgos

Jerome_Hamilton_(Scientist)_(Earth-616),Robert O. Erisman

Jerome_Hamilton_(Scientist)_(Earth-616),Newt Alfred

Jerome_Hamilton_(Scientist)_(Earth-616),Jack Kirby

Jerry_Dash_(Earth-616),Don Rico

Jerry_Hunter_(Earth-616),Charles Nicholas

Jeweled-Demolisher_Beam,Steve Ditko

Jillian_Jerold_(Earth-616),Dennis O'Neil

Jill_Stevens_(Earth-616),John Buscema

Jimmy_Godero_(Earth-77013),Larry Lieber

Jim_Baker_(Earth-616),Jack Kirby

Jim_Dandy_(Earth-616),Stan Goldberg

Jim_Harper_(Earth-77013),John Romita

Jim_Higgens_(Earth-616),Stan Goldberg

Jim_Horton_(Earth-616),John Romita

Jinku_(Earth-616),Jack Kirby

Jinni_(Earth-616),Jack Kirby

Jody_Casper_(Earth-616),Gene Colan

Joe_Baxter_(Mechanic)_(Earth-616),Don Heck

"Joe_Carter,_Jr._(Earth-616)",Don Heck

Joe_Carter_(Earth-616),Don Heck

Joe_Collins_(Earth-616),Don Heck

Joe_Cooke_(Earth-616),Steve Ditko

Joe_Cooper_(Earth-616),Don Heck

Joe_Harper_(Earth-616),Jack Kirby

Joe_Kane_(Earth-616),Steve Ditko

Joe_Marlowe_(Earth-616),Jack Kirby

Joe_Scrivner_(Earth-77013),Larry Lieber

Johann_Fennhoff_(Earth-616),Jack Kirby

John_(Courtier)_(Earth-616),Larry Lieber

John_Avery_(Earth-616),Larry Lieber

John_Avery_(Earth-616),Jack Kirby

John_Bentley_(Earth-616),Larry Lieber

John_Bentley_(Earth-616),Gene Colan

John_Bentley_(Scientist)_(Earth-616),Larry Lieber

John_Bentley_(Scientist)_(Earth-616),Jack Kirby

John_Blandings_(Earth-616),Larry Lieber

John_Brett_(Earth-TRN597),Larry Lieber

John_Brett_(Earth-TRN597),Jack Kirby

John_Cartwright_(Earth-616),Jack Kirby

John_Cummings_(Earth-616),Jack Kirby

John_Doe_(Robot)_(Earth-616),Joe Maneely

John_F._Kennedy_(Earth-616),Robert Bernstein

John_F._Kennedy_(Earth-616),Jack Kirby

John_Fenton_(Earth-616),Matt Baker

John_Grey_(Earth-616),Jack Kirby

John_Henderson_(Earth-616),Jack Keller

John_Henley_(Earth-616),John Romita Sr.

John_Hughes_(Earth-616),Larry Lieber

John_Hughes_(Earth-616),Joe Sinnott

John_Hunter_(Earth-616),Larry Lieber

John_Hunter_(Earth-616),Jack Kirby

John_Jonah_Jameson_(Earth-616),Steve Ditko

John_Jonah_Jameson_(Earth-77013),John Romita

John_Jonah_Jameson_III_(Earth-616),Steve Ditko

John_Jonah_Jameson_III_(Earth-92131),Avi Arad

John_Jonah_Jameson_III_(Earth-92131),Stan Berkowitz

John_Jonah_Jameson_III_(Earth-92131),Meg McLaughlin

John_Jonah_Jameson_III_(Earth-92131),Len Wein

John_Kronton_(Earth-616),John Buscema

John_Lang_(Earth-616),Larry Lieber

John_Lang_(Earth-616),Paul Reinman

John_Larson_(Earth-616),Larry Lieber

John_Larson_(Earth-616),Don Heck

John_Lennon_(Earth-616),Bob Powell

John_Marlowe_(Earth-616),Paul Reinman

John_Marshall_(Scientist)_(Earth-616),Larry Lieber

John_Marshall_(Scientist)_(Earth-616),Paul Reinman

John_Martin_(Earth-616),Jack Kirby

John_Peters_(Earth-616),Al Avison

John_Raymond_(Earth-616),Al Hartley

John_Redfield_(Earth-616),Larry Lieber

John_Redfield_(Earth-616),Don Heck

John_Redmond_(18th_Century)_(Earth-616),Larry Lieber

John_Redmond_(18th_Century)_(Earth-616),Jack Kirby

John_Redmond_(Earth-616),Larry Lieber

John_Redmond_(Earth-616),Jack Kirby

John_Robert_Keane_(Earth-616),Jack Kirby

John_Rogers_(Earth-62935),Larry Lieber

John_Rogers_(Earth-62935),Don Heck

John_Ryland_(Earth-77013),Larry Lieber

John_Scott_(Earth-616),Al Avison

John_Smithers_(Earth-616),Charles Nicholas

John_Warren_(Earth-616),Larry Lieber

John_Warren_(Earth-616),Jack Kirby

Jonathan_Clay_(Earth-616),Bob Brown

Jonathan_East_(Earth-616),Ross Andru

Jonathan_Juniper_(Earth-616),Jack Kirby

Jonathan_Murdock_(Earth-616),Bill Everett

Jonathan_Powers_(Earth-616),Gene Colan

Jonathan_Storm_(Earth-616),Jack Kirby

Jonathan_Storm_(Earth-8466),Jack Kirby

"Jonathan_Storm_(Skrull,_Cow)_(Earth-616)",Jack Kirby

Jonathan_Wilkes_(Earth-616),Jack Kirby

Jormungand_(Earth-616),Jack Kirby

Joseph_Hogan_(Earth-616),Steve Ditko

Joseph_Krandis_(Earth-77013),Larry Lieber

Joseph_Robertson_(Earth-616),John Romita Sr

Joseph_Robertson_(Earth-616),Mickey Demeo

Joseph_Smith_(Earth-616),Steve Ditko

Joseph_Stalin_(Earth-5306),Fred Kida

Jose_Santini_(Earth-616),Jack Kirby

Joshua_Ayers_(Earth-616),Jack Kirby

Josh_Kittling_(Earth-616),John Romita Sr.

Jotunheim,Jack Kirby

Joya_(Earth-616),Don Rico

Juan_Francisco_Alonso_(Earth-616),Jack Kirby

Juan_Francisco_Alonso_(Earth-616),Steve Ditko

Judge_Lewis_(Earth-616),Gene Colan

Jules_Bergen_(Earth-616),Jack Keller

Julius_Robert_Oppenheimer_(Earth-616),Mark Waid

June_Wilson_(Earth-616),John Buscema

Jun_Ching_(Earth-616),Robert Bernstein

Jun_Ching_(Earth-616),Jack Kirby

Jupiter_Suit,John Romita Sr.

Jurgen_Hauptmann_(Earth-616),Robert Bernstein

Jurgen_Hauptmann_(Earth-616),Jack Kirby

Kaa_(Earth-616),Jack Kirby

Kadlec_(Earth-616),Jack Kirby

Kaecilius_(Earth-616),Steve Ditko

Kaitlin_Kirn_(Earth-77013),Larry Lieber

Kala_(Earth-616),Robert Bernstein

Kala_(Earth-616),Jack Kirby

Kaliban_(Earth-616),Jack Kirby

Kaliban_(Earth-616),Archie Goodwin

Kaliban_(Earth-616),John Buscema

Kallu-Kan,Larry Lieber

Kallu-Kan,Larry Ivie

Kallu,Larry Lieber

Kallu,Larry Ivie

Kallu,Don Heck

Kallusians,Larry Lieber

Kallusians,Larry Ivie

Kalya_(Earth-616),Bob Powell

Kamar-Taj,Steve Ditko

Kanga_Khan_(Earth-616),Steve Ditko

Kang_Armor,Jack Kirby

Karen_Page_(Earth-616),Bill Everett

Karl_Fiers_(Earth-616),Larry Lieber

Karl_King_(Earth-616),Steve Ditko

Karl_Kort_(Earth-616),Jack Kirby

Karl_Kragg_(Earth-616),Steve Ditko

Karl_Lazlo_(Earth-77013),John Romita

Karl_Mordo_(Earth-616),Steve Ditko

Karl_Stragg_(Earth-616),John Romita

Karnak_(Earth-71016),John Romita Jr.

Karnak_Mander-Azur_(Earth-616),Jack Kirby

Karnilla_(Earth-616),Jack Kirby

Kathryn_Worthington_(Earth-616),Jack Kirby

Kathryn_Worthington_(Earth-616),Jay Gavin

Kathy_Carter_(Earth-616),Stan Goldberg

Kathy_Stewart_(Earth-616),John Buscema

Keeper_of_the_Comics_Code_(Earth-665),Marie Severin

Keith_Kincaid_(Earth-616),Jack Kirby

Kenneth_Hale_(Earth-616),Robert Q. Sale

Kenny_Baxter_(Earth-616),Al Hartley

Kentauros,Jack Kirby

Kevin_Marlow_(Earth-616),Jack Binder

Kevin_Plunder_(Earth-616),Jack Kirby

Khan%27s_Aerodrome,Al Gabriele

Khan_(WWII)_(Earth-616),Al Gabriele

Kim_Sak_(Earth-616),Jack Kirby

King%27s_Crossing,Jack Kirby

King_Cabot_(Earth-616),Joe Maneely

King_Kobra_(Earth-616),Jack Keller

Kl%27rt_(Earth-616),Jack Kirby

Klagg_(Earth-616),Jack Kirby

Klangians,Steve Ditko

Klaus_Voorhees_(Earth-616),Don Heck

Knights_of_the_Round_Table_(Earth-616),Joe Maneely

Knights_of_Wundagore_(Earth-616),Jack Kirby

Knorda_(Earth-616),Jack Kirby

Korg_(Earth-616),Larry Lieber

Korg_(Earth-616),Jack Kirby

Korilla_(Earth-616),Jack Kirby

Kort_(Earth-77013),Larry Lieber

Koto_(Earth-616),Don Heck

Kraa_(Wabuzi)_(Earth-616),Jack Kirby

Kraglin_(Earth-616),Ernest Hart

Kraglin_(Earth-616),Don Heck

Krang_(Earth-616),Jack Kirby

Krang_(Monster)_(Earth-616),Jack Kirby

Krang_(Monster)_(Earth-616),Dick Ayers

Kraven%27s_Lion%27s_Head_Vest,Steve Ditko

Kree,Jack Kirby

Kree_Militia_Uniforms,Gene Colan

Kree_Sentries,Jack Kirby

Krill_(Race),Steve Ditko

Kroda_(Earth-616),Jack Kirby

Kronans,Larry Lieber

Kronans,Jack Kirby

Kronans,Joe Sinnott

Kronin_Krask_(Earth-616),Jack Kirby

Kulla_(Earth-616),Larry Lieber

Kulla_(Earth-616),Don Heck

Kuro_Chin_(Earth-616),Jack Kirby

Kurrgo%27s_Robot_(Earth-616),Jack Kirby

Kurrgo_(Earth-616),Jack Kirby

Kurt_Karlbad_(Earth-616),Dick Ayers

Kurt_Kordok_(Earth-77013),Larry Lieber

Kurt_Marko_(Earth-616),Jack Kirby

Kurt_Marko_(Earth-616),Alex Toth

Laevateinn,Jack Kirby

LaGuardia_Airport,Steve Ditko

Land_of_Mirmir,Jack Kirby

Lann_(Earth-616),Don Heck

Lansdale,James Shooter

Lansdale,Erik Larsen

Larry_Arthur_(Earth-616),John Buscema

Larry_Scott_(Earth-616),Al Avison

Latveria,Jack Kirby

Laufey_(Earth-616),Jack Kirby

Laura_Brown_(Earth-616),Jack Kirby

Lava_Men,Jack Kirby

Lawrence_Zaxton_(Demon_Duplicate)_(Earth-616),Joe Sinnott

Lawrence_Zaxton_(Earth-616),Joe Sinnott

Leap-Frog%27s_Suit,Gene Colan

Lee_Guardineer_(Earth-616),Dick Ayers

Lee_Kearns_(Earth-616),Jack Kirby

Lee_Kearns_(Earth-616),Ernest Hart

Legion_of_the_Lost_(Earth-616),Jack Kirby

Leila_Taylor_(Earth-616),John Romita Sr.

Leita_(Earth-616),Jack Kirby

Leland_Owlsley_(Earth-616),Bill Everett

Leland_Owlsley_(Earth-77013),Larry Lieber

Lens_(Nazi)_(Earth-616),Paul Reinman

Leonard_Schaefer_(Earth-616),John Forte

Leopold_Stryke_(Earth-616),Dick Ayers

Leslie_Farrington_(Earth-616),Jack Kirby

Les_Cooper_(Earth-616),Don Heck

Lewis_Hargrove_(Earth-616),Jack Kirby

Lewis_Murdock_(Earth-616),Mike Sekowsky

Lieutenant_General_Fredricks_(Earth-616),Jack Kirby

Life-Model_Decoy,Jack Kirby

Lifebringer_One_(Item),Jack Kirby

Lightning_Lord_(Earth-616),Marie Severin

Linda_Brown_(Earth-616),Steve Ditko

Linda_Carter_(Earth-616),Roy Thomas

Linda_Carter_(Earth-616),Gene Colan

Linda_Carter_(Earth-616),Al Hartley

Linda_Carter_(Earth-616),Jean Thomas

Linda_Smith_(Earth-616),Al Hartley

Lionel_van_Devanter_(Earth-616),Charles Nicholas

Lippy_Louie_(Earth-616),Jack Kirby

Liso_Trago_(Earth-616),H.E. Huntley

Liso_Trago_(Earth-616),Don Heck

Lithodia_Rexians,Jack Kirby

Living_Brain_(Earth-616),Steve Ditko

Living_Rock,Jack Kirby

Living_Totem_(Alien)_(Earth-616),Jack Kirby

Living_Tribunal_(Multiverse),Marie Severin

Lizard_Men_(Deviants),Jack Kirby

Lizard_Men_of_Tok,Jack Kirby

Li_Chou_(Earth-616),Jack Kirby

Lockjaw_(Earth-616),Jack Kirby

Lockjaw_(Earth-78909),Roy Thomas

Lokar_(Earth-616),Larry Lieber

Loki_Laufeyson_(Earth-616),Violet Barclay

Loki_Laufeyson_(Earth-616),Many Hands

Loki_Laufeyson_(Earth-616),Chu Hing

Loki_Laufeyson_(Earth-616),Pierce Rice

Loki_Laufeyson_(Earth-616),Don Rico

Loki_Laufeyson_(Earth-616),Mike Sekowsky

Loki_Laufeyson_(Earth-616),Pete Tumlinson

Loki_Laufeyson_(Earth-616),Larry Lieber

Loki_Laufeyson_(Earth-616),Jack Kirby

Loki_Laufeyson_(Kid_Loki)_(Earth-616),Larry Lieber

Loki_Laufeyson_(Kid_Loki)_(Earth-616),Jack Kirby

Longridge_Road,Gene Colan

Lords_of_the_Living_Lightning_(Earth-616),Marie Severin

Lord_Wotonby_(Earth-616),Jack Binder

Lost_Lagoon,Jack Kirby

Louise_Grant_(Earth-616),Syd Shores

Louis_Wilson_(Earth-616),John Romita Sr.

Lou_Haines_(Earth-616),Bruce Timm

Lovelace_Smiley_(Earth-77013),Larry Lieber

Luchino_Nefaria_(Earth-616),Jack Kirby

Lucifer_(Quist)_(Earth-616),Jack Kirby

Lucius_Duntmore_(Earth-616),Paul Reinman

Lucius_Farnsworth_(Earth-616),Jack Kirby

Lucy_Barton_(Earth-616),Don Heck

Ludwig_Schroeder_(Earth-616),Dick Ayers

Ludwig_von_Frankenstein_(Earth-616),John Buscema

Lugo_Belogi_(Earth-77013),Larry Lieber

Luke_Buffington_(Earth-616),Dick Ayers

Luke_Stokes_(Earth-616),Jack Kirby

Lurking_Unknown_(Earth-616),Jack Kirby

Lydia_Connors_(Earth-77013),Larry Lieber

Lyle_Getz_(Earth-616),Gene Colan

Lyndon_B._Johnson_(Earth-616),Bill Everett

M%27Wabu_(Earth-616),Jack Kirby

M-11_(Earth-616),John Romita

M.M._Madison_(Earth-616),Al Hartley

Maa-Gor_(Earth-616),Jack Kirby

MacDonald_Gargan_(Earth-616),Steve Ditko

MacDonald_Gargan_(Earth-77013),Larry Lieber

Mac_Danton_(Earth-616),Al Hartley

Madame_Death_(Earth-616),Otto Binder

Madame_Death_(Earth-616),Syd Shores

Madame_Death_(Earth-616),Al Avison

Madame_Death_(Earth-616),Vince Alascia

Madame_Macabre_(Earth-616),Bob Powell

Mad_Thinker_(Julius)_(Earth-616),Jack Kirby

Maggia_(Earth-616),Don Heck

Magneto%27s_Helmet,Jack Kirby

Magneto%27s_Island,Jack Kirby

Magnir_(Earth-616),Jack Kirby

Magnir_(Earth-616),Bill Everett

Magno-Man_(Earth-616),Jack Kirby

Magrat_(Earth-616),Jack Kirby

Maha_Yogi_(Earth-616),Joe Sinnott

Makau_(Earth-616),Jack Kirby

Makluans,Jack Kirby

Makoth_(Earth-616),Jack Kirby

Man-Beast_(Earth-616),Jack Kirby

Man-Monster_(Earth-616),Gerry Conway

Man-Monster_(Earth-616),John Romita

Mandarin%27s_Rings,Don Heck

Mandarin_(Earth-616),Don Heck

Manfred_Adler_(Earth-616),Dick Ayers

Mangog_(Earth-616),Jack Kirby

Mankiller_(Robot)_(Earth-616),Jim Steranko

Manning_University,Gene Colan

Manuel_Eloganto_(Earth-616),Wally Wood

Mao_Tse_Tung_(Earth-616),Jack Kirby

Mar-Vell_(Earth-616),Gene Colan

Marco_Scarlotti_(Earth-616),Gene Colan

Margaret_Carter_(Earth-616),Jack Kirby

Margo_Turner_(Earth-77013),John Romita

Margus_(Earth-616),Larry Lieber

Margus_(Earth-616),Jack Kirby

Marianne_Rodgers_(Earth-616),Robert Bernstein

Marianne_Rodgers_(Earth-616),Jack Kirby

Marianne_Rodgers_(Earth-616),Gerry Conway

Marianne_Rodgers_(Earth-616),Don Heck

Maria_Lopez_(Earth-77013),Larry Lieber

Maria_Trovaya_(Earth-616),Jack Kirby

Maria_Trovaya_(Earth-616),Ernest Hart

Marie_Antoinette_(Dog)_(Earth-616),Al Hartley

Marion_Horton_(Earth-616),John Romita

Maris_Morlak_(Earth-616),Jack Kirby

Mark_Faraday_(Earth-616),Jack Kirby

Mark_Langley_(Earth-616),Jack Kirby

Mark_Mason_(Earth-616),Syd Shores

Mark_Raxton_(Earth-616),Steve Ditko

Mark_Walker_(Earth-616),Don Heck

Marshall_Michaels_(Earth-616),Al Hartley

Martha_Connors_(Earth-616),Steve Ditko

Martha_Robertson_(Earth-616),John Romita Sr.

Martian_Who_Walks_Among_Us_(Earth-616),Larry Lieber

Martian_Who_Walks_Among_Us_(Earth-616),Jack Kirby

Martin_Blank_(Earth-616),John Romita Sr.

Martin_Livingstone_(Earth-616),Al Gabriele

Marvin_Flumm_(Earth-616),Jack Kirby

Mary_Bobkins_(Earth-616),Steve Ditko

Mary_Fitzpatrick_(Earth-616),Larry Lieber

Mary_Frances_MacDonald_(Earth-616),Herb Trimpe

Mary_Jane_Watson_(Earth-616),John Romita Sr.

Mary_Jane_Watson_(Earth-77013),John Romita

Mary_Meeke_(Earth-616),Al Hartley

Mary_Muscle_(Earth-616),Dan DeCarlo

Mary_Nash_(Earth-616),Al Avison

Mary_Sickles_(Earth-616),Don Rico

Mary_Stenson_(Earth-616),Jack Kirby

Mary_Storm_(Earth-616),Jack Kirby

Masters_of_Evil_(Earth-616),Jack Kirby

Master_Mold_(Earth-616),Jack Kirby

Matter_Mobilizer,Jack Kirby

Matthew_Hawk_(Earth-616),Jack Kirby

Matthew_Murdock_(Earth-616),Bill Everett

Matthew_Murdock_(Earth-71016),John Romita Jr.

Matthew_Murdock_(Earth-77013),Larry Lieber

Matt_Collins_(Earth-616),Bill Everett

Matt_Collins_(Old_West)_(Earth-616),Dick Ayers

Matt_Slade_(Earth-616),Joe Maneely

Matt_Slade_(Earth-616),Al Williamson

Matt_Slade_(Earth-616),John Severin

Maximus_Boltagon_(Earth-616),Jack Kirby

Maxwell_Dillon_(Earth-616),Steve Ditko

Maxwell_Shiffman_(Earth-616),Steve Ditko

Max_Eisenhardt_(Earth-616),Jack Kirby

Max_Young_(Earth-616),Steve Ditko

Mayda_Van_Poole_(Earth-616),Syd Shores

Maynard_Tiboldt_(Earth-616),Jack Kirby

Mayor_Harris_(Earth-616),Larry Lieber

Mayor_Harris_(Earth-616),Al Hartley

May_Reilly_(Earth-616),Steve Ditko

May_Reilly_(Earth-77013),John Romita

Maze_of_Madness,Marie Severin

Ma_Carter_(Earth-616),Al Hartley

Mechanical_Dragon,Gene Colan

Mecho-Assassin_(Earth-616),Jack Kirby

Medusalith_Amaquelin_(Earth-616),Jack Kirby

Medusalith_Amaquelin_(Earth-71016),John Romita Jr.

Megingjord,Larry Lieber

Megingjord,Joe Sinnott

Melvin_(Earth-77013),Larry Lieber

Melvin_Burns_(Earth-616),Steve Ditko

Melvin_Potter_(Earth-616),John Romita

Melvin_Scarbo_(Earth-616),Gene Colan

Menace_(Hangor)_(Earth-616),Charles Nicholas

Mendel_Stromm_(Earth-616),Steve Ditko

Mental_Teleporter_(Doctor_Doom),Jack Kirby

Mento-Fish_(Earth-616),Jack Kirby

Mento-Helmet,Jack Kirby

Mephisto%27s_Realm,John Buscema

Mephisto_(Earth-616),John Buscema

Michael_Marko_(Earth-616),John Romita Sr.

Michael_Templar_(Earth-616),Werner Roth

Michael_Tucker_(Earth-616),Jim Mooney

Michel_Berman_(Earth-616),Jack Kirby

Mick_Bird_(Earth-616),H.E. Huntley

Mick_Bird_(Earth-616),Don Heck

Midtown_High_School,Steve Ditko

Mighty_Oak_(Earth-616),Steve Ditko

Miguel_Santiago_(Earth-77013),Larry Lieber

Mike_Fallon_(Earth-616),Jack Kirby

Mike_Zelby_(Earth-616),Charles Nicholas

Miklho_(Earth-616),Jack Kirby

Miklos_Kozlov_(Earth-616),Jack Kirby

Miklos_Kozlov_(Earth-616),Dick Ayers

Miles_Anders_(Earth-616),Werner Roth

Miles_Warren_(Earth-616),Steve Ditko

Miles_Warren_(Earth-616),Gerry Conway

Miles_Warren_(Earth-616),Ross Andru

Milos_Masaryk_(Earth-616),Don Heck

Mindless_Ones,Steve Ditko

Mindy_McPherson_(Earth-616),John Buscema

Minerva_Murkle_(Earth-616),Al Hartley

Minerva_Potts_(Earth-616),Al Hartley

Minerva_Tuttle_(Earth-616),Al Hartley

Minh_Chu_(Earth-616),Jack Kirby

Minotaur_(Mole_Man)_(Earth-616),Don Heck

Miriam_Birchwood_(Earth-616),Fabian Nicieza

Miriam_Birchwood_(Earth-616),Sal Buscema

Mirmir_(Earth-616),Jack Kirby

Mirwood,Jack Kirby

Mister_Lightning_(Earth-616),Jack Davis

Mister_Marvel_(Earth-616),Jack Keller

Mister_Morgan%27s_Monster_(Earth-TRN214),Jack Kirby

Mister_Morgan%27s_Monster_(Earth-TRN214),Dick Ayers

Mist_of_Hoggoth,Steve Ditko

Mjolnir,Larry Lieber

Mjolnir,Jack Kirby

Mocuepa_Tlalticpactli_(Earth-616),Jack Kirby

Mogul_of_the_Mystic_Mountain_(Earth-616),Jack Kirby

Molecule_Displacer,John Buscema

Molecule_Displacer,John Romita

Molecule_Man%27s_Wand,Jack Kirby

Molly_Margaret_McSnide_(Earth-616),Jack Kirby

Molnitz,Jack Kirby

Molnitz,George Tuska

Moloids,Jack Kirby

Molto_(Earth-616),Jack Kirby

Molyb_(Earth-616),Steve Ditko

Monk_(Earth-77013),John Romita

Monsteroso_(Alien)_(Earth-616),Jack Kirby

Monster_from_Mars_(Earth-616),Jack Kirby

Monster_Isle,Jack Kirby

Monster_of_Badoon_(Earth-616),John Buscema

Monster_That_Escaped_(Earth-616),Jack Kirby

Monstrollo_(Earth-616),Jack Kirby

Monstro_(Octopus)_(Earth-616),Jack Kirby

Montana_Joe_(Earth-616),Jack Kirby

Montgomery_Bliss_(Earth-616),John Romita

Moomba_(Earth-616),Jack Kirby

Moons_of_Munnopor,Steve Ditko

Morani,George Tuska

Mordred_(Earth-616),Joe Maneely

Morduk_(Earth-616),Jack Kirby

Morgan_le_Fay_(Earth-616),Joe Maneely

Morpheus_(Earth-616),Chad Grothkopf

Morrat_(Earth-616),Jack Kirby

Mortimer_Toynbee_(Earth-616),Jack Kirby

Mosquito_Man_(Earth-616),Olivier Coipel

Mountain_Giants,Jack Kirby

Mowfus_(Earth-616),Jack Kirby

Moxie_Gahagan_(Earth-616),Jerry Siegel

Moxie_Gahagan_(Earth-616),Dick Ayers

Mr._Barning_(Earth-616),Steve Ditko

Mr._Brown_(Earth-616),Al Hartley

Mr._Evans_(Earth-616),Jerry Siegel

Mr._Evans_(Earth-616),Dick Ayers

Mr._Smathers_(Earth-616),Joe Orlando

Mr._Vort_(Earth-616),Steve Ditko

Mrrungo-Mu_(Earth-616),Keith Pollard

Mrs._Brown_(Earth-616),Al Hartley

Mrs._Froelich_(Earth-616),Steve Ditko

Mrs._Perkins_(Earth-616),Joe Orlando

Ms._Glitter_(Earth-616),Steve Ditko

Muffy_Ainsworth_(Earth-77013),Larry Lieber

Muggers_Incorporated_(Earth-616),Jack Kirby

Murray_Anderson_(Earth-616),Jack Kirby

Muspelheim,Jack Kirby

Mutates_(Earth-6943),Jack Kirby

Mutaurus_(Earth-616),Jack Kirby

Mutroids,Paul Ryan

Mysterio_Suit,Steve Ditko

Nameless_Mass_(Earth-616),Jack Kirby

Namor_McKenzie_(Earth-71016),John Romita Jr.

Namor_McKenzie_(Earth-77013),Larry Lieber

Nancy_Carter_(Barker)_(Earth-616),Don Heck

Nancy_Carter_(Earth-616),Jack Kirby

Nancy_Stacy_(Earth-616),John Romita Sr.

Nancy_Stokes_(Earth-616),Jack Kirby

Nan_Miller_(Earth-616),Larry Lieber

Nan_Miller_(Earth-616),Jack Kirby

Napol%C3%A9on_Bonaparte_(Earth-5306),Fred Kida

Napoleon_Robberson_(Earth-616),Jack Kirby

Napoleon_Sack_(Earth-616),Don Rico

Napoleon_Sickles_(Earth-616),Don Rico

Narna_LeMarr_(Earth-77013),Larry Lieber

Natalia_Romanova_(Earth-616),Don Rico

Natalia_Romanova_(Earth-616),Don Heck

Natalia_Romanova_(Earth-77013),Larry Lieber

Natalie_Royalton_(Earth-616),Jack Kirby

Natchez_(Earth-616),Don Heck

Nathaniel_Richards_(Immortus)_(Earth-6311),Don Heck

Nathaniel_Richards_(Kang)_(Earth-6311),Jack Kirby

Nathaniel_Richards_(Rama-Tut)_(Earth-6311),Jack Kirby

Nathaniel_Richards_(Scarlet_Centurion)_(Earth-6311),Jack Kirby

Nathaniel_Richards_(Scarlet_Centurion)_(Earth-6311),Roy Thomas

Nathaniel_Richards_(Scarlet_Centurion)_(Earth-6311),Don Heck

Nathaniel_Richards_(Scarlet_Centurion)_(Earth-6311),Werner Roth

Nathan_Dolly_(Earth-616),Steve Ditko

Nathan_Garrett_(Earth-616),Don Heck

Nazaka_(Earth-616),Steve Ditko

Negative_Barrier,Jack Kirby

Negative_Zone,Jack Kirby

Neil_Armstrong_(Earth-616),Jack Kirby

Nelson_and_Murdock_Law_Office,Bill Everett

Nelson_Brown_(Earth-616),Al Hartley

Neri_(Asgardian)_(Earth-616),Joe Sinnott

Neri_(Asgardian)_(Earth-616),Robert Bernstein

Netherworld,Robert Bernstein

Netherworld,Jack Kirby

Netherworlders,Robert Bernstein

Netherworlders,Jack Kirby

Neuronmagnet,Jack Kirby

Neutralizer_Ray,Herb Trimpe

New_America,Al Gabriele

New_Jersey_Palisades,Jack Kirby

New_Men,Jack Kirby

New_York_Public_Library_(Main_Branch),Gene Colan

New_York_State_Prison,Steve Ditko

Nicholas_Bromwell_(Earth-616),Steve Ditko

Nicholas_Fury_(Earth-616),Jack Kirby

Nicholas_Fury_(Earth-71016),John Romita Jr.

Nicholas_Trask_(Earth-616),John Buscema

"Nick_Lewis,_Sr._(Earth-616)",Steve Ditko

Nidavellir,Jack Kirby

Nigel_Carruthers_(Earth-616),John Buscema

Nightmare_(Earth-616),Steve Ditko

Nikita_Khrushchev_(Earth-616),Larry Lieber

Nikita_Khrushchev_(Earth-616),Jack Kirby

Nora_Trask_(Earth-616),Jack Davis

Norbert_Ebersol_(Earth-616),Jack Kirby

Norman_Osborn_(Earth-616),Steve Ditko

Norman_Osborn_(Earth-77013),Larry Lieber

Norma_Thaxton_(Earth-616),Jack Kirby

Norns_(Fates)_(Earth-616),Larry Lieber

Norns_(Fates)_(Earth-616),Jack Kirby

Norn_Hag_(Earth-616),Jack Kirby

Norrin_Radd_(Earth-1102),Dale Eaglesham

Norrin_Radd_(Earth-71016),John Romita Jr.

Norrin_Radd_(Earth-7888),Moebius

Northfield_Dormitory,Jack Kirby

Norton_Fester_(Earth-616),Steve Ditko

Norton_McCoy_(Earth-616),Jack Kirby

Norton_McCoy_(Earth-616),Jay Gavin

Number_Five_(Earth-616),Jack Kirby

Number_Four_(Earth-616),Jack Kirby

Number_Four_(Earth-616),Bill Everett

Number_Seven_(Earth-616),Jack Kirby

Number_Two_(Earth-616),Jack Kirby

Octo-Monster_(Earth-616),Jack Kirby

Odinsword,Jack Kirby

Odin_Borson_(Earth-616),Larry Lieber

Odin_Borson_(Earth-616),Jack Kirby

Odin_Borson_(Earth-70766),John Buscema

Odin_Borson_(Earth-77013),Larry Lieber

Ogar_(Earth-616),Larry Lieber

Ogar_(Earth-616),Don Heck

Ogor_(Kallusian)_(Earth-616),Larry Ivie

Ogor_(Kallusian)_(Earth-616),Larry Lieber

Ogor_(Kallusian)_(Earth-616),Don Heck

Ogur_(Earth-616),Jack Kirby

Oldar_(Earth-616),Gary Friedrich

Oldar_(Earth-616),Marie Severin

Olympians,Lin Streeter

Oobagonians,Jack Kirby

Oobagonians,Dick Ayers

Ophelia_Sarkissian_(Earth-616),Jim Steranko

Orb_of_Agamotto,Steve Ditko

Order_of_the_Hood_(Earth-616),Al Avison

Orikal_(Earth-616),Jack Kirby

Orikal_(Earth-616),Vince Colletta

Ororo_Munroe_(Earth-71016),John Romita Jr.

Orson_Kasloff_(Earth-616),Dick Ayers

Orville_Jones_(Earth-616),Jack Keller

Osborn_Laboratories,Steve Ditko

Oshtur_(Earth-616),Jack Kirby

Otto_Octavius_(Earth-616),Steve Ditko

Otto_Octavius_(Earth-77013),John Romita

Otto_Octavius_(Earth-92131),Avi Arad

Otto_Octavius_(Earth-92131),Brooks Wachtel

Otto_Octavius_(Earth-92131),Cynthia Harrison

Otto_Rabe_(Earth-616),Dick Ayers

Otto_Shmidt_(Earth-616),Jack Kirby

Ovoids,Jack Kirby

Owen_Reece_(Earth-616),Jack Kirby

Pacifier_Robot_(Earth-616),Jack Kirby

Packrats_(Earth-616),Rich Buckler

Pamela_Hawley_(Earth-616),Jack Kirby

Pandora_(Earth-616),Jack Kirby

Panther_Habit,Jack Kirby

Panther_Idol,Jack Kirby

Panther_Island_(Caribbean),Jack Kirby

Park_Tower,Gene Colan

Parthea,Larry Lieber

Paste-Gun,Larry Lieber

Paste-Gun,Jack Kirby

Patricia_Walker_(Earth-616),Otto Binder

Patricia_Walker_(Earth-616),Stuart Little

Patricia_Walker_(Earth-616),Ruth Atkinson

Patricia_Walker_(Earth-616),Jack Kirby

Patrick_O%27Toole_(Earth-616),Charles Nicholas

Patty_Barning_(Earth-616),Steve Ditko

Paul_Bunyan_(Earth-616),Don Heck

Paul_Drumm_(Earth-616),Jack Kirby

Paul_Duval_(Earth-616),Jack Kirby

Paul_Fosgrave_(Earth-616),Gene Colan

Paul_Harper_(Earth-616),Jack Kirby

Paul_McCartney_(Earth-616),Bob Powell

Paul-Philip_Ravage_(Earth-928),Paul Ryan

Paul_Rodgers_(Earth-616),Jack Kirby

Paul_Smythe_(Earth-616),Paul Reinman

Paul_Stevenson_(Earth-92131),Avi Arad

Paul_Stevenson_(Earth-92131),Stan Berkowitz

Paul_Stevenson_(Earth-92131),Meg McLaughlin

Paul_Stevenson_(Earth-92131),Len Wein

Peaceable_Morgan_(Earth-616),Jack Kirby

Pearla_(Earth-616),Jack Kirby

Pearl_Dimly_(Earth-616),Dan DeCarlo

Pedros_(Earth-616),Steve Ditko

Peotor_(Earth-616),Jack Kirby

Percival_Hawley_(Earth-616),Jack Kirby

Percival_Pinkerton_(Earth-616),Jack Kirby

Periwinkle_Potter_(Earth-616),Al Hartley

Perry_Palette_(Earth-616),Lin Streeter

Peter_Doogle_(Earth-616),Joe Maneely

Peter_Drew_(Earth-616),Mike Sekowsky

Peter_Hawley_(Earth-616),Jack Kirby

Peter_Parker_(Earth-616),Steve Ditko

Peter_Parker_(Earth-71016),John Romita Jr.

Peter_Parker_(Earth-77013),John Romita

Peter_Parker_(Earth-982),Steve Ditko

Peter_Parker_(Earth-982),Tom DeFalco

Peter_Parker_(Earth-982),Ron Frenz

Peter_Petruski_(Earth-616),Larry Lieber

Peter_Petruski_(Earth-616),Jack Kirby

Peter_Pooper_(Earth-665),Marie Severin

Peter_Prince_(Earth-616),Al Hartley

Pete_Hunter_(Earth-616),Larry Lieber

Pete_Hunter_(Earth-616),Jack Kirby

Phantoms,Jack Kirby

Phantom_Whose_Touch_Means_Death_(Earth-616),Jack Kirby

Phillip_Masters_(Earth-616),Jack Kirby

Phillip_Sterling_(Earth-616),Gene Colan

Phineas_Mason_(Earth-616),Steve Ditko

Phoebus_Apollo_(Earth-616),Lin Streeter

Phoebus_Apollo_(Earth-616),Mark Gruenwald

Phoebus_Apollo_(Earth-616),Keith Pollard

Pierre_Dubois_(Earth-616),Al Hartley

Pierre_Palette_(Earth-616),Al Hartley

Pierre_Picolino_(Earth-616),Jack Kirby

Pietro_Maximoff_(Earth-616),Jack Kirby

Pilai_(Earth-616),H.E. Huntley

Pilai_(Earth-616),Jack Kirby

Pillars_of_Utgard,Jack Kirby

Ping_Su_(Earth-616),John Romita Sr.

Planet_T-37X,Larry Lieber

Plant-Thing_from_Mars_(Earth-616),Jack Kirby

Plasti-Gun,Gene Colan

Plastoid_(Earth-616),Gene Colan

Plato_Monarkos_(Earth-616),Roy Thomas

Plato_Monarkos_(Earth-616),Mike Sekowsky

Plato_Monarkos_(Earth-616),Steve Ditko

Polarizer_Gun,Jack Kirby

Polyphemus_(Earth-616),Jack Kirby

Pool_of_Peace,Jack Kirby

Poppup,Jack Kirby

Poppupians,Jack Kirby

Pops_Jenkins_(Earth-616),Al Hartley

Porcupine_Armor,Don Heck

Porky_(Earth-616),Bill Everett

Poseidon_Aegaeus_(Earth-616),Otto Binder

Poseidon_Aegaeus_(Earth-616),Frank Giacoia

Poseidon_Aegaeus_(Earth-616),Gene Colan

Possessors,Steve Ditko

Power_Cosmic,Jack Kirby

Power_Sphere,Jack Kirby

Precious_(Earth-616),Steve Ditko

Prester_John_(Johann)_(Earth-616),Jack Kirby

Primitoid_(Earth-616),Jack Kirby

Prince_Rey_(Earth-616),Don Heck

Professor_Carter_(Earth-616),Jack Kirby

Professor_Cobbwell_(Earth-616),Steve Ditko

Professor_Crater_(Earth-616),Steve Ditko

Professor_Elixir_(Earth-616),Dick Ayers

Professor_Ford_(Earth-616),Robert Bernstein

Professor_Ford_(Earth-616),Jack Kirby

Professor_Jack_(Earth-616),Bob Powell

Professor_Jack_(Earth-616),Larry Ivie

Professor_Kraut_(Earth-616),Don Rico

Prosilicans,Larry Lieber

Prosilicus,Larry Lieber

Prowler%27s_Suit,John Buscema

Psionic_Headband,Jack Kirby

Psycho-Man_(Earth-616),Jack Kirby

Pumpkin_Bomb,Steve Ditko

Punchy_(Earth-616),Joe Orlando

Punisher_(Cyborg)_(Earth-616),Jack Kirby

Purple_Dimension,Steve Ditko

Pym_Laboratories_(Location),Larry Lieber

Pym_Laboratories_(Location),Jack Kirby

Pym_Particles,Larry Lieber

Pym_Particles,Jack Kirby

Qnax_(Earth-616),Jack Kirby

Quagmire_of_Doom,Gene Colan

Quasi-Motivational_Destruct_Organism_(Earth-616),Jack Kirby

Queega,Gene Colan

Quentin_Beck_(Earth-616),Steve Ditko

Quentin_Beck_(Earth-77013),Larry Lieber

Quists,Jack Kirby

Rabble_Rouser_(Weinberg)_(Earth-616),Dick Ayers

Rachel_Carpenter_(Earth-534834),Ron Friedman

Rachel_Carpenter_(Earth-534834),Steve Hayes

Rafe_Collins_(Earth-616),Larry Lieber

Rajah_(Earth-616),John Romita Sr.

Rajah_(Elephant)_(Earth-616),Jack Kirby

Rajaks,Larry Lieber

Rakkhal_(Earth-6966),John Buscema

Rama_Kaliph_(Earth-616),Steve Ditko

Ramond_Theis_(Earth-616),H.E. Huntley

Ramond_Theis_(Earth-616),Don Heck

Rance_Preston_(Earth-616),Jack Kirby

Randac_(Earth-616),Jack Kirby

Randolph_Robertson_(Earth-616),John Romita Sr.

Randy_Clayton_(Earth-616),Bob Brown

Raniero_Drago_(Earth-616),John Romita Sr.

Ravenseye,Jack Kirby

Raven_Blackthorn_(Earth-77013),Larry Lieber

Ravonna_Renslayer_(Earth-6311),Don Heck

Rawhide_Kid_(Earth-616),Bob Brown

Raymond_Bloch_(Earth-616),Steve Ditko

Raymond_Bloch_(Earth-77013),Larry Lieber

Raymond_Dexter_(Earth-77013),John Romita

Raymond_Warren_(Earth-616),Steve Ditko

Recorder_211_(Earth-616),Jack Kirby

Redcoat_(Earth-616),Syd Shores

Redford_Raven_(Earth-616),Dick Ayers

Reducing_Ray,Jack Kirby

Redwing_(Earth-616),Gene Colan

Red_Hargrove_(Earth-616),Jack Kirby

Red_Hastings_(Earth-616),John Buscema

Red_Wolf_(Apache)_(Earth-616),Jack Kirby

Reed_Richards_(Earth-1102),Dale Eaglesham

Reed_Richards_(Earth-616),Jack Kirby

Reed_Richards_(Earth-71016),John Romita Jr.

Reed_Richards_(Earth-77013),Larry Lieber

"Reed_Richards_(Skrull,_Cow)_(Earth-616)",Jack Kirby

Refrigeration_Unit,Jack Kirby

Reginald_Pinkerton_(Earth-616),Dick Ayers

Replica_Model_X-2_(Earth-616),Jack Kirby

Replica_Model_X-3_(Earth-616),Jack Kirby

Reynard_Slinker_(Earth-616),Jack Kirby

Rhinogon_(Earth-616),Jack Kirby

Rhino_Armor,John Romita Sr.

Ricardo_Jones_(Earth-616),Jack Kirby

Richard_Erlich_(Earth-697064),Bob Hall

Richard_Fisk_(Earth-616),John Romita Sr.

Richard_Flint_(Earth-616),Dick Ayers

Richard_Janus_(Earth-616),John Buscema

Richard_Jones_(Earth-600026),Jack Kirby

Richard_Jones_(Earth-616),Jack Kirby

Richard_Nixon_(Earth-616),Herb Trimpe

Richard_Parker_(Earth-616),Larry Lieber

Richard_Raleigh_(Earth-616),Gerry Conway

Richard_Raleigh_(Earth-616),John Romita

Richard_Starkey_(Earth-616),Bob Powell

Richard_Wormly_(Earth-616),Steve Ditko

Rick_Marshall_(Earth-TRN148),Larry Lieber

Rick_Marshall_(Earth-TRN148),Jack Kirby

Rick_Stoner_(Earth-616),Jack Kirby

Rick_Stoner_(Earth-616),Barry Dutter

Rick_Stoner_(Earth-616),M.C. Wyman

Rick_Stoner_(Earth-616),Terry Kavanagh

Rick_Stoner_(Earth-616),Ramon Bernado

Rico_(Earth-TRN623),Steve Ditko

Rigellians,Jack Kirby

Rigellian_Grand_Commissioner_(Earth-616),Jack Kirby

Rigellian_Recorders,Jack Kirby

Rijk_Rooten_(Earth-616),Dick Ayers

Rinda_(Earth-616),Jack Kirby

Rings_of_Raggadorr,Steve Ditko

Ring_(Nazi)_(Earth-616),Al Avison

Rivvak_(Earth-616),Jack Kirby

RKP_Palace,Steve Ditko

Robert_Bronson_(Earth-616),Jack Kirby

Robert_Carter_(Earth-616),Jack Kirby

Robert_Dietzel_(Earth-616),Gene Colan

Robert_Drake_(Earth-616),Jack Kirby

"Robert_F._Wagner,_Jr._(Earth-616)",Dick Ayers

Robert_Grayson_(Earth-616),Russ Heath

Robert_Hoskins_(Earth-616),Gene Colan

Robert_Plunder_(Earth-616),Jack Kirby

Robert_Ralston_(Earth-616),Jack Kirby

Robert_Robertson_(Earth-616),Jack Kirby

Robot_X_(Earth-616),Jack Kirby

Rocco_Rank_(Earth-616),Steve Ditko

Rocky_Roberts_(Earth-616),Steve Ditko

Rock_of_Meditation,Bill Everett

Rock_Trolls_(Orange-Skinned),Jack Kirby

Roddy_Colt_(Earth-616),Don Rico

Rod_Raymond_(Earth-77013),Larry Lieber

Romulus_Augustulus_(Earth-616),Jack Kirby

Ronald_Rankin_(Earth-616),Jack Kirby

Ronald_Robbins_(Earth-616),Al Hartley

Ronan_(Earth-616),Jack Kirby

Rorgg_(Earth-616),Jack Kirby

Rorgg_(Earth-616),Dick Ayers

Rosamund_(Earth-616),Joe Maneely

Rosa_Santos_(Earth-77013),Larry Lieber

Roscoe_Sweeney_(Earth-616),Bill Everett

Roy_Stone_(Earth-616),Dick Ayers

Ruby_(Earth-616),Larry Lieber

Ruby_(Earth-616),Jack Kirby

Rugga_(Earth-616),Jack Kirby

Ruler_of_the_Earth_(Earth-616),Jack Kirby

Russia,Jack Kirby

Russia,Charles Nicholas

Rusty_Dorgin_(Earth-77013),John Romita

Rynda_(Earth-616),Jack Kirby

S.H.I.E.L.D._Executive_Board_(Earth-616),Jack Kirby

S.H.I.E.L.D._Uniforms,Jack Kirby

Sabretooth_(Howlett)_(Earth-77013),Larry Lieber

Sabre_of_Sorcery,Marie Severin

Sagar_(Earth-616),Steve Ditko

Sagittarians,Herbert Trimpe

Saguta_(Earth-616),Jack Kirby

Salem_Center,Jack Kirby

Sally_Avril_(Earth-616),Steve Ditko

Sally_Avril_(Earth-616),Kurt Busiek

Sally_Avril_(Earth-616),Pat Olliffe

Sally_Durant_(Earth-616),Don Heck

Sally_Green_(Earth-616),Steve Ditko

Sally_Jones_(Earth-616),Al Hartley

Samson_(Biblical)_(Earth-616),Ken Bald

Samuel_Sawyer_(Earth-616),Jack Kirby

Samuel_Saxon_(Earth-616),Gene Colan

Samuel_Smithers_(Earth-616),Dick Ayers

Samuel_Sterns_(Earth-616),Steve Ditko

Samuel_Wilson_(Earth-616),Gene Colan

Sam_(Barber_Shop)_(Earth-616),Jack Kirby

Sam_(Barber_Shop)_(Earth-616),John Severin

Sam_Barker_(Earth-616),Jack Kirby

Sam_Bullit_(Earth-616),Gil Kane

Sam_Dunbrow_(Earth-616),Chuck Miller

Sam_Hawk_(Earth-616),Jack Keller

Sam_Jordan_(Earth-616),Don Heck

Sam_Kemperer_(Earth-7888),Jack Kirby

Sam_Klaw_(Earth-616),John Severin

Sam_Murdock_(Earth-616),Joe Maneely

Sam_Savage_(Earth-616),John Severin

Sam_Scorpio_(Earth-616),Jack Keller

Sam_Simms_(Earth-616),Joe Orlando

Sam_Thorne_(Earth-616),Jack Kirby

Sanctum_Sanctorum,Steve Ditko

Sandor_(Earth-616),Larry Lieber

Sandra_Baker_(Earth-77013),Larry Lieber

Sandra_Starr_(Earth-616),Al Hartley

Sandu_(Earth-616),Jack Kirby

Santiago_Rivera_(Earth-616),Jack Kirby

Santo_Marco_(Country),Jack Kirby

Sarah_Wilson_(Earth-616),Gene Colan

Satellite_Machine,Steve Ditko

Satyrs,Jack Kirby

Sayge_(Earth-616),Marie Severin

Scarlet_Beetle_(Earth-616),Larry Lieber

Scarlet_Beetle_(Earth-616),Jack Kirby

Scarlet_Witch%27s_Suit,Jack Kirby

Scientists_Guild_(Earth-616),Carl Burgos

Scientists_Guild_(Earth-616),Robert O. Erisman

Scientists_Guild_(Earth-616),Newt Alfred

Scientists_Guild_(Earth-616),Jack Kirby

Scorpion%27s_Suit,Steve Ditko

Scott_Summers_(Earth-616),Jack Kirby

Scott_Summers_(Earth-71016),John Romita Jr.

Scroll_of_Eternity,Steve Ditko

Sealer_Beam,Herbert Trimpe

Seaweed_Man_(Earth-616),Gene Colan

Sea_of_Fear,Jack Kirby

Second-Story_Sammy_(Earth-616),Carl Burgos

Secret_Empire_(Earth-616),Jack Kirby

Seidring_(Earth-616),Jack Kirby

Selma_Geldberg_(Earth-616),Dick Ayers

Sen-Yu_(Earth-616),Steve Ditko

Senator_Mushbell_(Earth-616),Syd Shores

Sentinels,Jack Kirby

Sentinel_10_(Earth-616),Jack Kirby

Sentinel_10_(Earth-616),Jay Gavin

Sentinel_11_(Earth-616),Jack Kirby

Sentinel_11_(Earth-616),Jay Gavin

Sentinel_17_(Earth-616),Jack Kirby

Sentinel_17_(Earth-616),Jay Gavin

Sentinel_1_(Earth-616),Jack Kirby

Sentinel_1_(Earth-616),Jay Gavin

Sentinel_2_(Earth-616),Jack Kirby

Sentinel_2_(Earth-616),Jay Gavin

Sentinel_3-D_(Earth-616),Jack Kirby

Sentinel_3-D_(Earth-616),Jay Gavin

Sentinel_3-R_(Earth-616),Jack Kirby

Sentinel_3-R_(Earth-616),Jay Gavin

Sentinel_3_(Earth-616),Jack Kirby

Sentinel_3_(Earth-616),Jay Gavin

Sentinel_4_(Earth-616),Jack Kirby

Sentinel_4_(Earth-616),Jay Gavin

Sentinel_5_(Earth-616),Jack Kirby

Sentinel_5_(Earth-616),Jay Gavin

Sentinel_6_(Earth-616),Jack Kirby

Sentinel_6_(Earth-616),Jay Gavin

Sentinel_7_(Earth-616),Jack Kirby

Sentinel_7_(Earth-616),Jay Gavin

Sentinel_8-R_(Earth-616),Jack Kirby

Sentinel_8-R_(Earth-616),Jay Gavin

Sentinel_9_(Earth-616),Jack Kirby

Sentinel_9_(Earth-616),Jay Gavin

Sentinel_A_(Earth-616),Jack Kirby

Sentinel_A_(Earth-616),Jay Gavin

Sentinel_B_(Earth-616),Jack Kirby

Sentinel_B_(Earth-616),Jay Gavin

Sentinel_C_(Earth-616),Jack Kirby

Sentinel_C_(Earth-616),Jay Gavin

Sentinel_F_(Earth-616),Jack Kirby

Sentinel_F_(Earth-616),Jay Gavin

Sentinel_L_(Earth-616),Jack Kirby

Sentinel_L_(Earth-616),Jay Gavin

Sentinel_MK_I,Jack Kirby

Sentinel_MK_I,Jay Gavin

Sentinel_O_(Earth-616),Jack Kirby

Sentinel_O_(Earth-616),Jay Gavin

Sentinel_T_(Earth-616),Jack Kirby

Sentinel_T_(Earth-616),Jay Gavin

Sentry_459_(Earth-616),Jack Kirby

Sentry_9168_(Earth-616),Jack Kirby

Sergei_Kravinoff_(Earth-616),Steve Ditko

Sergius_O%27Hoolihan_(Earth-616),Jack Kirby

Sergius_O%27Hoolihan_(Earth-78909),Jack Kirby

Sergi_Amkov_(Earth-616),Don Heck

Serra_Carson_(Earth-77013),Larry Lieber

Sersi_(Earth-616),Robert Bernstein

Sersi_(Earth-616),Jack Kirby

Servo-Guards_(Earth-616),Jack Kirby

Servo-Robot_(Earth-616),Bill Everett

Seth_Crane_(Earth-616),Jack Kirby

Seth_Wilson_(Earth-616),Jack Kirby

Seymour_O%27Reilly_(Earth-616),Steve Ditko

Shades_of_the_Seraphim,Marie Severin

Shades_of_the_Shadowy_Demons,Bill Everett

Shadow_Man_(Earth-616),Steve Ditko

Shagg_(Earth-616),Jack Kirby

Shalla-Bal_(Earth-71016),John Romita Jr.

Shannon,Don Heck

Sharon_Carter_(Earth-616),Jack Kirby

Sharon_Carter_(Earth-616),Dick Ayers

Sharon_Carter_(Earth-8610),Jack Kirby

Sharon_Carter_(Earth-8610),Dick Ayers

Sharon_Xavier_(Earth-616),Jack Kirby

Sharon_Xavier_(Earth-616),Alex Toth

Shazana%27s_Globe,Steve Ditko

Shazana_(Earth-616),Steve Ditko

Sha_Shan_Nguyen_(Earth-616),John Romita Sr.

Sheila_Reynolds_(Earth-616),Jack Kirby

Shezada_(Earth-616),Jack Kirby

Shield_of_the_Seraphim,Denny O'Neil

Shield_of_the_Seraphim,Bill Everett

Shivoor_(Earth-616),Jack Kirby

Shocker%27s_Vibro-Shock_Gauntlets,John Romita Sr.

Shock_Roller,Jack Kirby

Shorty_(Earth-616),Jack Kirby

Shzzzllzzzthzz_(Earth-616),Jack Kirby

Shzzzllzzzthzz_(Earth-616),Dick Ayers

Siegfried_Farber_(Earth-616),Dick Ayers

Sif_(Earth-616),Jack Kirby

Sif_(Earth-70766),John Buscema

Sif_(Earth-77013),Larry Lieber

Signor_Korte_(Earth-616),Syd Shores

Sigurd_(Earth-616),Jack Kirby

Silas_Birch_(Earth-616),Larry Lieber

Silas_Birch_(Earth-616),Jack Kirby

Silas_Cragg_(Earth-616),Gene Colan

Silent_Fox_(Earth-616),Jack Kirby

Silent_One_(Earth-616),John Buscema

Silent_Stalker_(Earth-616),John Buscema

Silver_City,Jack Kirby

Silver_Dollar_Saloon,Jack Kirby

Silvio_Manfredi_(Earth-616),John Romita Sr.

Silvio_Manfredi_(Earth-616),John Buscema

Simon_Garth_(Earth-616),Bill Everett

Simon_Garth_(Earth-616),Roy Thomas

Simon_Garth_(Earth-616),Steve Gerber

Simon_Garth_(Earth-616),John Buscema

Simon_Krandis_(Earth-77013),Larry Lieber

Simon_Queel_(Earth-616),Paul Reinman

Simon_Savage_(Earth-616),Dick Ayers

Simon_Williams_(Earth-616),Jack Kirby

Sin-Cong,Don Heck

Sindri_(Earth-616),Jack Kirby

Sinister_Six_(Earth-616),Steve Ditko

Sir_Galahad_(Earth-616),Joe Maneely

Sir_Gawain_(Earth-616),Joe Maneely

Sir_James_(Earth-616),Larry Lieber

Sir_James_(Earth-616),Carl Burgos

Sir_Lancelot_(Earth-616),Joe Maneely

Sir_Lepard_(Earth-616),Jack Kirby

Sir_Lyan_(Earth-616),Jack Kirby

Sir_Ossilot_(Earth-616),Jack Kirby

Sir_Percy_of_Scandia_(Earth-616),Joe Maneely

Sir_Porga_(Earth-616),Jack Kirby

Sir_Ram_(Earth-616),Marie Severin

Skagg_(Earth-616),Jack Kirby

Skoll_(Earth-616),Larry Lieber

Skord_(Earth-616),Jack Kirby

Skrang_(Earth-616),Larry Lieber

Skrull_Cows_(Earth-616),Jack Kirby

Skrull_Sea,Jack Kirby

Skuld_(Earth-616),Larry Lieber

Skuld_(Earth-616),Jack Kirby

Skurge_(Earth-616),Jack Kirby

Slade_(Earth-616),Bill Everett

Slade_(Outlaw)_(Earth-616),Chuck Miller

Slave-Master_(Earth-616),Jack Kirby

Sleeper_Robots_(Earth-616),Jack Kirby

Sleeper_Robots_(Earth-616),George Tuska

Slugger_Sykes_(Earth-616),Jack Kirby

Smilodon,Jack Kirby

Smokey_(Earth-616),Bob Brown

Sneep,Larry Lieber

Sneepers,Larry Lieber

Sniper_(Earth-616),Jack Kirby

Sobek_(Earth-616),Jack Kirby

Sonic_Disruptor,Jack Kirby

Sons_of_the_Serpent_(Earth-616),Don Heck

Sophia_Striker_(Earth-928),Paul Ryan

Space_Phantom_(Earth-616),Jack Kirby

Spade_Desmond_(Earth-616),Jack Kirby

Specto-Fish,Jack Kirby

Spencer_Smythe_(Earth-616),Steve Ditko

Spencer_Watson_(Earth-77013),Floro Dery

Spider-Finder,Steve Ditko

Spider-Man%27s_Belt_Camera,Steve Ditko

Spider-Man%27s_Spider-Signal,Steve Ditko

Spider-Man%27s_Suit,Steve Ditko

Spider-Man%27s_Utility_Belt,Steve Ditko

Spider-Man_(Robot)_(Earth-6311),Don Heck

Spider-Slayer_Mark_I,Steve Ditko

Spider-Tracer-Tracker,Steve Ditko

Spider-Tracer,Steve Ditko

Spider-Wave_Transmitter,Steve Ditko

Spider_Men,Larry Lieber

Spider_Men,Jack Kirby

Spinybeast_(Earth-616),Steve Ditko

Spliny_(Earth-616),Jack Kirby

Sporr_(Amoeba_Mutate)_(Earth-616),Jack Kirby

Spragg_(Earth-616),Jack Kirby

Squad_of_Mystery_(Earth-616),Syd Shores

Stallion_of_Doom_(Earth-616),Jack Kirby

Stansky_(Earth-616),N. Korok

Stansky_(Earth-616),Don Heck

Stan_Lee_(Earth-70813),Kevin Maguire

Stardust_Studios,Jack Kirby

Stark_Enterprises_Main_Plant,Robert Bernstein

Stark_Enterprises_Main_Plant,Jack Kirby

Stephanie_De_La_Spiroza_(Earth-616),Don Heck

Stephen_Strange_(Earth-616),Steve Ditko

Stephen_Strange_(Earth-71016),John Romita Jr.

Sterling_Silvermint_(Earth-77013),Larry Lieber

Sterling_Stuyvesant_(Earth-616),Dick Ayers

Steven_Rogers_(Earth-70813),Kevin Maguire

Steven_Rogers_(Earth-71016),John Romita Jr.

Steven_Rogers_(Earth-77013),Larry Lieber

Steve_Foster_(Earth-616),Larry Lieber

Steve_Miller_(Earth-616),Larry Lieber

Steve_Miller_(Earth-616),Jack Kirby

Stilt-Man%27s_Suit,Wally Wood

Stoneface_(Earth-616),Gene Colan

Stones_of_Merlin,Jack Kirby

Stone_Hive,Jack Kirby

Storm_Giants,Larry Lieber

Stranger_(Cosmic_Being)_(Earth-616),Jack Kirby

Stranger_(Cosmic_Being)_(Earth-616),Chic Stone

Stranger_(Earth-70766),John Buscema

Stranger_(Silver_Age)_(Earth-616),Larry Lieber

Stranger_(Silver_Age)_(Earth-616),Jack Kirby

"Strategic_Homeland_Intervention,_Enforcement_and_Logistics_Division_(Earth-616)",Jack Kirby

Sub-Atomica,Jack Kirby

Sub-Mariner%27s_Domed_Undersea_Villa,Jack Kirby

Sue_Walker_(Earth-616),Paul Reinman

Sulibeg_(Earth-616),Jack Kirby

Sundown_City,Jack Kirby

Super-Adaptoid_(Earth-616),Gene Colan

Super-Adaptoid_(Earth-616),Jack Kirby

Super-Apes_(Earth-616),Jack Kirby

Super-Humanoid_(Earth-616),Herb Trimpe

Super-Skrulls_(Earth-616),Jack Kirby

Supramor_(Earth-616),Bob Powell

Supremacy_(Earth-616),Jack Kirby

Supreme_Intelligence_(Earth-616),Jack Kirby

Surtur_(Earth-616),Jack Kirby

Susan_Clark_(Earth-616),Jack Kirby

Susan_Scarbo_(Earth-616),Gene Colan

Susan_Storm_(Earth-1102),Dale Eaglesham

Susan_Storm_(Earth-616),Jack Kirby

Susan_Storm_(Earth-71016),John Romita Jr.

Susan_Storm_(Earth-77013),Larry Lieber

Sutter_Street,John Buscema

Svenzaldo_Zambooba_(Earth-616),Jack Kirby

Swordsman%27s_Sword,Don Heck

Sylvia_Blandings_(Earth-616),Larry Lieber

Synthetic_Man_(Earth-616),Ross Andru

T%27Chaka_(Earth-616),Jack Kirby

T%27Challa_(Earth-616),Jack Kirby

T%27Challa_(Earth-71016),John Romita Jr.

Taa-ans,Jack Kirby

Taa,Jack Kirby

Taboo_(Extraterrestrial)_(Earth-616),Jack Kirby

Tad_Carter_(Earth-616),Steve Ditko

Tagar_(Earth-616),Jack Kirby

Tai_Chen_(Earth-616),Don Heck

Tana_Mendori_(Earth-77013),John Romita

Tana_Nile_(Earth-616),Jack Kirby

Taneleer_Tivan_(Earth-616),Don Heck

Tarnax_IV,Jack Kirby

Taxtor_(Earth-616),Jack Kirby

Techno_Organic_Jungle,Jack Kirby

Ted_Braddock_(Earth-616),Jerry Siegel

Ted_Braddock_(Earth-616),Dick Ayers

Ted_Chambers_(Earth-77013),Larry Lieber

Ted_Trent_(Earth-616),Al Hartley

Ted_Trent_(Earth-616),Sol Brodsky

Teen_Brigade_(Earth-616),Steve Ditko

Telbeck,Jack Kirby

Telbeck,George Tuska

Tele-fish_(Earth-616),Jack Kirby

Tennessee_Sam_(Earth-616),Al Hartley

Terrible_Trio_(Earth-616),Jack Kirby

Thackery_Van_Thwerp_(Earth-616),Al Hartley

Thaddeus_Ross_(Earth-616),Jack Kirby

Thakos_(Earth-616),Jack Kirby

THEM_(Earth-616),Jack Kirby

Thermal_Man_(Earth-616),Jack Kirby

The_Bat_(Harper)_(Earth-616),Jack Kirby

The_Owl_(WWII)_(Earth-616),Al Avison

Thing_in_the_Black_Box_(Earth-616),Jack Kirby

Thing_that_Crawled_by_Night_(Earth-616),Jack Kirby

Thing_That_Hunts_for_Me_(Earth-616),Larry Lieber

Thing_That_Hunts_for_Me_(Earth-616),Jack Kirby

Thomas_Burke_(Earth-616),Jack Kirby

Thomas_Gideon_(Earth-616),Jack Kirby

Thomas_Gideon_(Earth-616),Gerry Conway

Thomas_Gideon_(Earth-616),John Buscema

Thor_Odinson_(Demon_Duplicate)_(Earth-616),Joe Sinnott

Thor_Odinson_(Earth-616),Don Rico

Thor_Odinson_(Earth-616),Hy Rosen

Thor_Odinson_(Earth-616),Jack Kirby

Thor_Odinson_(Earth-616),Larry Lieber

Thor_Odinson_(Earth-70766),John Buscema

Thor_Odinson_(Earth-70813),Kevin Maguire

Thor_Odinson_(Earth-71016),John Romita Jr.

Thor_Odinson_(Earth-77013),Larry Lieber

Throckmorton_Van_Thwerp_II_(Earth-616),Al Hartley

Thryheim,Jack Kirby

Thunder_(Black_Knight)_(Earth-616),Joe Maneely

Thunder_(Two-Gun_Kid)_(Earth-616),Jack Kirby

Tiana_Sikoski_(Earth-928),Paul Ryan

Tiboro_(Earth-616),Steve Ditko

Tiger_(Dog)_(Earth-616),Al Hartley

Time_Platform,Jack Kirby

Timmy_Carter_(Earth-616),David Aja

Timothy_Dugan_(Earth-616),Jack Kirby

Timothy_Jones_(Adult)_(Earth-616),Jack Kirby

Tim_Boo_Ba_(Earth-616),Steve Ditko

Titanium_Man_Armor_(Bullski%27s),Don Heck

Titan_(Atlantean_Beast)_(Earth-616),Jack Kirby

Titus_Locke_(Earth-616),Don Rico

Tnneya_(Earth-616),Keith Pollard

Toadius_V_(Earth-616),Jack Kirby

Toag_(Earth-616),Jack Kirby

Tobe_Levine_(Earth-616),Gene Colan

Tobin_(Earth-616),Robert Bernstein

Tobin_(Earth-616),Jack Kirby

Todyquiel_(Earth-616),Steve Ditko

Tod_White_(Earth-616),Don Rico

Togo_(Earth-616),Don Rico

Tok,Jack Kirby

Tomazooma_(Manidoog_God)_(Earth-616),Jack Kirby

Tomazooma_(Robot)_(Earth-616),Jack Kirby

Tommy_Dillon_(Earth-77013),Larry Lieber

Tommy_Rimston_(Earth-77013),John Romita

Tommy_Tomkins_(Earth-616),Steve Ditko

Tommy_Weems_(Earth-616),Larry Lieber

Tommy_Weems_(Earth-616),Don Heck

"Tom_Bobkins,_Jr._(Earth-616)",Steve Ditko

"Tom_Bobkins,_Sr._(Earth-616)",Steve Ditko

Tom_Bobkins_the_Third_(Earth-616),Steve Ditko

Tom_Brewster_(Earth-616),Gene Colan

Tom_Danger_(Earth-616),Mike Sekowsky

Tom_Hale_(Earth-616),Stan Goldberg

Tom_Hale_(Earth-616),Kate Leth

Tom_Hale_(Earth-616),Brittney Williams

Tom_Smith_(Alien)_(Earth-616),Don Heck

Tom_Smith_(Earth-616),Jack Kirby

Torger_(Earth-616),Jack Kirby

Torgo_(Earth-616),Jack Kirby

Torrak_(Earth-616),Jack Kirby

Totem_Creature_(Earth-616),Steve Ditko

Toto_(Mongolian)_(Earth-616),Al Avison

Town_Towers,Jack Kirby

Tranquilizer_Rifle,Jack Kirby

Transia,Jack Kirby

Transylvania,Larry Lieber

Transylvania,Don Heck

Tri-Man_(Earth-616),Gene Colan

Tribbitites,Jack Kirby

Tribeca,William Blake Everett

Tricephalous_(Earth-616),Jack Kirby

Trick_Arrows,Don Heck

Trident_of_Neptune,Gene Colan

Trigger_Gap,Jack Kirby

Triton_(Earth-616),Jack Kirby

Triton_(Earth-71016),John Romita Jr.

Troxx,Keith Pollard

Trudy_and_Tessie_Tempest_(Earth-616),Al Hartley

Trull_(Alien)_(Earth-616),Jack Kirby

Trung_Tuan_(Earth-616),Gene Colan

Tumbling_Turners_(Earth-616),Jack Keller

Turk_O%27Rourke_(Earth-616),Roy Thomas

Turk_O%27Rourke_(Earth-616),Mike Sekowsky

Turk_O%27Rourke_(Earth-616),Steve Ditko

Twilight_Sword,Jack Kirby

Two-Headed_Thing_(Earth-616),Jack Kirby

Two-Headed_Thing_(Earth-616),Dick Ayers

Tyrannoids,Jack Kirby

Tyr_Odinson_(Earth-616),Larry Lieber

Tyr_Odinson_(Earth-616),Jack Kirby

Tyr_of_the_Blinding_Blade_(Earth-616),Jack Kirby

Uatu_(Earth-1102),Dale Eaglesham

Uatu_(Earth-616),Jack Kirby

Uatu_(Earth-71016),John Romita Jr.

Ubbu_(Earth-616),Steve Ditko

Ugarth_(Xartan)_(Earth-616),Larry Lieber

Ugarth_(Xartan)_(Earth-616),Al Hartley

Ugu_(Earth-616),Jack Kirby

Ularic_(Earth-616),Jack Kirby

Ulbrecht_Arzt_(Earth-616),Al Gabriele

Ulfrin_(Earth-616),Jack Kirby

Ulik_(Earth-616),Jack Kirby

Uller_(Earth-616),Jack Kirby

Ultimo_(Earth-616),Adam Austin

Ulysses_Klaw_(Earth-616),Jack Kirby

Umbu_(Earth-616),Herb Trimpe

Una_(Earth-616),Gene Colan

Uncle_Ben_(Earth-616),Steve Ditko

Uncle_Lawrence_(Earth-616),Al Hartley

Unholy_Three_(Earth-616),Gene Colan

Union_of_Soviet_Socialist_Republics,Jack Kirby

Union_of_Soviet_Socialist_Republics,Charles Nicholas

United_States_Army_Special_Forces_(Earth-616),Jack Kirby

Universal_Weapon,Jack Kirby

Unstable_Molecules,Jack Kirby

Urd_(Earth-616),Larry Lieber

Urd_(Earth-616),Jack Kirby

Urrpo-Fish,Jack Kirby

Ursell_(Earth-928),Paul Ryan

Valeria_(Earth-6212),Larry Lieber

Valerie_Van_Dyne_(Earth-616),John Buscema

Valhalla_(Asgard),Jack Kirby

Valkyrior_(Earth-616),Larry Lieber

Valkyrior_(Earth-616),Joe Sinnott

Valkyrior_Steeds,Jack Kirby

Valtrauta_(Earth-616),Larry Lieber

Valtrauta_(Earth-616),Joe Sinnott

Vanessa_Marianna_(Earth-616),John Romita Sr

Vanir_(Gods),Larry Lieber

Vanir_(Gods),Jack Kirby

Vanisher_(Earth-616),Jack Kirby

Vanna_(Earth-616),Jack Kirby

Vapors_of_Dormammu,Jack Kirby

Vapors_of_the_Vishanti,Steve Ditko

Vapors_of_Valtorr,Steve Ditko

Vashti_Cleito-Son_(Earth-616),Gene Colan

Venom_(Klyntar)_(Earth-77013),Larry Lieber

Venom_(Klyntar)_(Earth-92131),Avi Arad

Venom_(Klyntar)_(Earth-92131),Meg McLaughlin

Venom_(Klyntar)_(Earth-92131),Stan Berkowitz

Venom_(Klyntar)_(Earth-92131),John Semper

Venturas,Larry Lieber

Venturites,Larry Lieber

Venusian_(Earth-616),Larry Lieber

Venusian_(Earth-616),Jack Kirby

Venus_(Planet),Lin Streeter

Vera_Arlen_(Earth-77013),John Romita

Vera_Cantor_(Earth-616),Jack Kirby

Vera_Rich_(Earth-616),Al Hartley

Verdandi_(Earth-616),Larry Lieber

Verdandi_(Earth-616),Jack Kirby

Vernon_van_Dyne%27s_Laboratory,Ernest Hart

Vernon_van_Dyne%27s_Laboratory,Jack Kirby

Vernon_van_Dyne_(Earth-616),H.E. Huntley

Vernon_van_Dyne_(Earth-616),Jack Kirby

Veronica_Vogue_(Earth-616),Don Heck

Ve_Borson_(Earth-616),Jack Kirby

Vibranium,Jack Kirby

Vibranium,John Romita Sr.

Victoria_Bentley_(Earth-616),Steve Ditko

Victor_Avery_(Earth-616),Jack Kirby

Victor_Cartwright_(Earth-616),Jack Kirby

Victor_Frankenstein_(Earth-616),Mary Shelley

Victor_Frankenstein_(Earth-616),John Buscema

Victor_von_Doom_(Earth-616),Jack Kirby

Victor_von_Doom_(Earth-71016),John Romita Jr

Victor_von_Doom_(Earth-77013),John Romita

Vili_Borson_(Earth-616),Jack Kirby

Vincent_Farnsworth_(Earth-616),Larry Lieber

Vincent_Farnsworth_(Earth-616),Joe Sinnott

Vincent_Patilio_(Earth-616),Gene Colan

Vincent_Vandergill_(Earth-616),Jack Kirby

Vincent_Vandergill_(Earth-616),John Severin

Vince_Everett_(Earth-77013),Larry Lieber

Virginia_Potts_(Earth-616),Robert Bernstein

Virginia_Potts_(Earth-616),Don Heck

Virginia_Wolfe_(Earth-616),Al Hartley

Vishanti_(Earth-616),Gardner Fox

Vishanti_(Earth-616),Sam Kweskin

Vision_(Earth-71016),John Romita Jr.

Vladimir_(Earth-616),Don Heck

Vladimir_Fortunov_(Earth-616),Jack Kirby

Vladimir_Fortunov_(Earth-616),John Francis Moore

Volla_(Earth-616),Jack Kirby

Volsak_(Earth-616),Jack Kirby

Volstagg_(Earth-616),Jack Kirby

Volstagg_(Earth-77013),Larry Lieber

Voltan_Kaparthy_(Earth-77013),Larry Lieber

Von_Kimmer_(Earth-616),Jack Kirby

Von_Richt_(Earth-616),Al Avison

Von_Strudel_(Earth-616),Jack Kirby

Von_Strudel_(Earth-616),Charles Nicholas

Vuk_(Earth-616),Jack Kirby

Vulture%27s_Wings,Steve Ditko

Wakanda,Jack Kirby

Walking_Stiletto_(Earth-616),John Romita

Walter_Carter_(Earth-616),Jack Kirby

Walter_Collins_(Earth-616),John Buscema

Walter_Cronkite_(Earth-616),Gene Colan

Wanda_Maximoff_(Earth-616),Jack Kirby

Warner_Wolfe_(Earth-616),Al Hartley

"Warren_Worthington,_Jr._(Earth-616)",Jack Kirby

"Warren_Worthington,_Jr._(Earth-616)",Jay Gavin

Warren_Worthington_III_(Earth-616),Jack Kirby

Warriors_of_the_Thousand_Galaxies_(Earth-616),Jack Kirby

Warriors_Three_(Earth-616),Jack Kirby

Washington_Jones_(Earth-616),Charles Nicholas

Wasp%27s_Suit,H.E. Huntley

Wasp%27s_Suit,Jack Kirby

Watcher%27s_Citadel,Jack Kirby

Watchers,Jack Kirby

Watcher_of_Sector_14X_(Earth-616),George Tuska

Water-Circulation_Apparatus,Jack Kirby

Wayneville,Jack Kirby

Wayne_Wilson_(Earth-616),Don Heck

Wayne_Wolfe_(Earth-616),Stan Goldberg

Wazir_(Earth-616),Jack Kirby

Weasel_(Earth-77013),Larry Lieber

Weasel_Wills_(Earth-616),Jack Kirby

Web-Shooters,Steve Ditko

Weed_(Monster)_(Earth-616),Jack Kirby

Weed_Wichards_(Earth-665),Jack Kirby

Wellington_Yinsen_(Earth-534834),Ron Friedman

Werner_von_Doom_(Earth-616),Jack Kirby

Werner_von_Krimm_(Earth-616),Jack Kirby

Whirlo_Redlin_(Earth-616),Dick Ayers

Whisper_Hill,Jack Kirby

White-Face_(Earth-616),Bob Brown

Whitey_Barton_(Earth-616),Gene Colan

Whitey_Mullins_(Earth-616),Jack Kirby

White_Ninja_(Earth-616),Gerry Conway

White_Ninja_(Earth-616),Ross Andru

Whitney_Hammond_(Earth-616),Lin Streeter

Whiz_Wilson_(Earth-616),Al Hartley

Wilbur_Day_(Earth-616),Wally Wood

Wilbur_Poole_(Earth-616),Jack Kirby

Wilder_Berne_(Earth-616),Gene Colan

Wilhelmstrasse,Dick Ayers

Wilhelm_Hauser_(Earth-616),Dick Ayers

Wilhelm_van_Vile_(Earth-616),Robert Bernstein

Wilhelm_van_Vile_(Earth-616),Jack Kirby

William_Baker_(Earth-616),Steve Ditko

William_Connors_(Earth-616),Steve Ditko

William_Foster_(Earth-616),Don Heck

William_Lumpkin_(Earth-616),Jack Kirby

Wilma_Wolfe_(Earth-616),Al Hartley

Wilson_Allan_(Earth-616),Steve Ditko

Wilson_Fisk_(Earth-616),John Romita

Wilson_Fisk_(Earth-77013),John Romita

Wizard_Armor,Larry Lieber

Wizard_Armor,Jack Kirby

Wladyslav_Shinski_(Earth-616),Jack Kirby

Wobbow,Larry Lieber

Wolfgang_Brenner_(Earth-616),Jack Kirby

Wolfgang_von_Strucker_(Earth-616),Jack Kirby

Wolfgang_von_Strucker_(Robot)_(Earth-616),Gene Colan

Wolf_Waco_(Earth-616),Jack Kirby

Wong-Chu_(Earth-616),Larry Lieber

Wong-Chu_(Earth-616),Don Heck

Wong_(Earth-616),Steve Ditko

Worldship_(Taa_II),Jack Kirby

Wundagore_Mountain,Jack Kirby

Wyatt_Earp_(Earth-616),Bob Forgione

Wyatt_Wingfoot_(Earth-616),Jack Kirby

X-13_(Earth-616),Jack Kirby

X-34_(Earth-TRN148),Larry Lieber

X-34_(Earth-TRN148),Jack Kirby

X-Factor_(Earth-616),Bob Layton

X-Factor_(Earth-616),Jackson Guice

X-Factor_(Earth-616),Jack Kirby

X-Men_(Earth-616),Jack Kirby

X-Men_(Earth-77013),Larry Lieber

X-Men_(Mysterio%27s_Robots)_(Earth-616),Steve Ditko

X-Uniforms,Jack Kirby

Xandu_(Sorcerer)_(Earth-616),Steve Ditko

Xantareans,Gene Colan

Xantha,Jack Kirby

Xartan_Deviants,Larry Lieber

Xartan_Deviants,Al Hartley

Xavier%27s_School_for_Gifted_Youngsters,Jack Kirby

Xxirys_(Earth-616),Jack Kirby

Xxirys_(Earth-616),Steve Ditko

XZ-12_Device,Jack Kirby

X_(Monster)_(Earth-616),Jack Kirby

X_(Monster)_(Earth-616),Dick Ayers

Yagg_(Earth-616),Jack Kirby

Yancy_Street_Gang_(Earth-616),Jack Kirby

Yao_(Earth-616),Larry Lieber

Yao_(Earth-616),Jack Kirby

Yao_(Earth-616),Steve Ditko

Yarro_Gort_(Earth-616),John Buscema

Yellow-Crested_Titans,Jack Kirby

Yeti_(Inhuman)_(Earth-616),Jack Kirby

Yggdrasill,Jack Kirby

Yirbek,Larry Lieber

Yirbek,Paul Laiken

Yirbek,Jack Kirby

Yirbek,Don Heck

Ymir_(Earth-616),Jack Kirby

Yogi_Dakor_(Earth-616),Jack Kirby

Yon-Rogg_(Earth-616),Gene Colan

Young_Allies_(WWII)_(Earth-616),Charles Nicholas

Yrds,Larry Lieber

Yuri_Topolov_(Earth-616),Jack Kirby

Zabu_(Earth-616),Jack Kirby

Zakkim_(Earth-616),Steve Ditko

Zanadu,Jack Kirby

Zano_(Xartan)_(Earth-616),Jack Kirby

Zantor_(Earth-616),Gene Colan

Zarek_(Earth-616),Gene Colan

Zarlokk_(Earth-928),Paul Ryan

Zebediah_Killgrave_(Earth-616),Joe Orlando

Zelda_DuBois_(Earth-616),Steve Ditko

Zelda_Foop_(Earth-616),Al Hartley

Zelda_Kurtzberg_(Earth-616),Jack Kirby

Zemu_(Earth-6212),Larry Lieber

Zemu_(Earth-6212),Jack Kirby

Zenn-La,John Buscema

Zenn-Lavians,Jack Kirby

Zenn-Lavians,John Buscema

Zeno_(Jupiter)_(Earth-616),Don Heck

Zeus_Panhellenios_(Earth-616),Jack Kirby

Ziegler_(Earth-616),Steve Ditko

Zoltan_Drago_(Earth-616),Wally Wood

Zoltaro_(Earth-616),Tom DeFalco

Zoltaro_(Earth-616),John Romita Sr.

Zom_(Earth-616),Marie Severin

Zorak_(Earth-616),Jack Kirby

Zorr_(Android)_(Earth-616),Jack Kirby

Zota_of_Pergamum_(Earth-616),Steve Ditko

Zzutak_(Earth-616),Jack Kirby

Zzutak_(Earth-616),Steve Ditko