id,moc

Adam_Warlock_(Earth-616),Symbiotic Bond with the Soul Gem

Adam_Warlock_(Earth-616),Avatar of Life

Adam_Warlock_(Earth-616),Summoning

Adam_Warlock_(Earth-616),Superhuman Physiology

Adam_Warlock_(Earth-616),Energy Consumption

Adam_Warlock_(Earth-616),Superhuman Strength

Adam_Warlock_(Earth-616),Superhuman Speed

Adam_Warlock_(Earth-616),Superhuman Stamina

Adam_Warlock_(Earth-616),Superhuman Durability

Adam_Warlock_(Earth-616),Superhuman Agility

Adam_Warlock_(Earth-616),Superhuman Reflexes

Adam_Warlock_(Earth-616),Flight

Adam_Warlock_(Earth-616),Immortality

Adam_Warlock_(Earth-616),Cellular Regeneration

Adam_Warlock_(Earth-616),Ultra Senses

Adam_Warlock_(Earth-616),Cosmic Awareness Mystic Senses

Adam_Warlock_(Earth-616),Time Freeze Resistance

Adam_Warlock_(Earth-616),Reality Warp Resistance

Adam_Warlock_(Earth-616),Telepathy

Adam_Warlock_(Earth-616),Telepathic Defenses

Adam_Warlock_(Earth-616),Clairvoyance

Adam_Warlock_(Earth-616),Energy Manipulation

Adam_Warlock_(Earth-616),Matter Manipulation

Adam_Warlock_(Earth-616),Energy Constructs

Adam_Warlock_(Earth-616),Magic

Adam_Warlock_(Earth-616),Resurrection

Adam_Warlock_(Earth-616),Time Travel

Adam_Warlock_(Earth-616),Soul Anchoring

Adam_Warlock_(Earth-616),Spell Casting

Adam_Warlock_(Earth-616),Mystic Portals

Adam_Warlock_(Earth-616),Quantum Magic

Adam_Warlock_(Earth-616),Soul Manipulation

Adam_Warlock_(Earth-616),Empathy

Adam_Warlock_(Earth-616),Spell Casting

Adam_Warlock_(Earth-616),Chronokinesis

Adam_Warlock_(Earth-616),Illusions

Adam_Warlock_(Earth-616),Cosmic Power

Adam_Warlock_(Earth-616),Pyrokinesis

Adam_Warlock_(Earth-616),Astral Outsider

Adrian_Toomes_(Earth-616),Temporary/Limited Levitation

Adrian_Toomes_(Earth-616),Super-Strength

Agatha_Harkness_(Earth-616),Sorcery

Aireo_(Earth-616),Aerokinesis

Aleksei_Sytsevich_(Earth-616),Gamma Ray Bombardment

Aleksei_Sytsevich_(Earth-616),Superhuman Strength

Aleksei_Sytsevich_(Earth-616),Superhuman Speed

Aleksei_Sytsevich_(Earth-616),Superhuman Stamina

Aleksei_Sytsevich_(Earth-616),Superhuman Durability

Amora_(Earth-616),Superhuman Strength

Amora_(Earth-616),Superhuman Speed

Amora_(Earth-616),Superhuman Stamina

Amora_(Earth-616),Superhumanly Dense Tissue

Amora_(Earth-616),Superhuman Durability

Amora_(Earth-616),Regenerative Healing Factor

Amora_(Earth-616),Superhuman Longevity

Amora_(Earth-616),Superhuman Agility

Amora_(Earth-616),Superhuman Reflexes

Amora_(Earth-616),Sorcery

Amora_(Earth-616),Spell Casting

Amora_(Earth-616),Energy Projection

Amora_(Earth-616),Teleportation

Amora_(Earth-616),Levitation/Flight

Amora_(Earth-616),Disguise/Illusions

Amora_(Earth-616),Transmutation

Amora_(Earth-616),Gold and Diamond Tears

Amora_(Earth-616),Paralysis

Amora_(Earth-616),Energy Shields

Amora_(Earth-616),Life Force Absorption

Amora_(Earth-616),Time Disruption

Amora_(Earth-616),Telepathy

Amora_(Earth-616),Mental Shields

Amora_(Earth-616),Telepathic Senses

Amora_(Earth-616),Astral Projection

Amora_(Earth-616),Telekinesis

Amora_(Earth-616),Mystical Senses

Amora_(Earth-616),Seduction

Anelle_(Earth-616),Skrull Shape-Shifting

Annihilus_(Earth-616),Superhuman Strength

Annihilus_(Earth-616),Superhuman Speed

Annihilus_(Earth-616),Superhuman Stamina

Annihilus_(Earth-616),Superhuman Durability

Annihilus_(Earth-616),Superhuman Agility

Annihilus_(Earth-616),Superhuman Reflexes

Annihilus_(Earth-616),Flight

Annihilus_(Earth-616),Continuous Rebirth

Annihilus_(Earth-616),Fear Broadcasting

Aphrodite_Ourania_(Earth-616),Superhuman Strength

Aphrodite_Ourania_(Earth-616),Superhuman Speed

Aphrodite_Ourania_(Earth-616),Superhuman Stamina

Aphrodite_Ourania_(Earth-616),Super humanly Dense Tissue

Aphrodite_Ourania_(Earth-616),Superhuman Durability

Aphrodite_Ourania_(Earth-616),Superhuman Agility

Aphrodite_Ourania_(Earth-616),Superhuman Reflexes

Aphrodite_Ourania_(Earth-616),Immortality

Aphrodite_Ourania_(Earth-616),Regenerative Healing Factor

Aphrodite_Ourania_(Earth-616),Allspeak

Aphrodite_Ourania_(Earth-616),Energy Manipulation

Aphrodite_Ourania_(Earth-616),Powers of Love

Aphrodite_Ourania_(Earth-616),Water Scrying

Aphrodite_Ourania_(Earth-616),Possession

Aphrodite_Ourania_(Earth-616),Branding

Aphrodite_Ourania_(Earth-616),Curses

Aphrodite_Ourania_(Earth-616),Flight

Aphrodite_Ourania_(Earth-616),Telepathy

Aphrodite_Ourania_(Earth-616),Telekinesis

Aphrodite_Ourania_(Earth-616),Enchantment

Aphrodite_Ourania_(Earth-616),Teleportation

Aphrodite_Ourania_(Earth-616),Imposition

Ares_(Earth-616),Olympian Physiology

Ares_(Earth-616),Superhuman Strength

Ares_(Earth-616),Superhuman Speed

Ares_(Earth-616),Superhuman Stamina

Ares_(Earth-616),Superhumanly Dense Tissue

Ares_(Earth-616),Superhuman Durability

Ares_(Earth-616),Superhuman Agility

Ares_(Earth-616),Superhuman Reflexes

Ares_(Earth-616),Limited Magic Ability

Ares_(Earth-616),True Immortality

Ares_(Earth-616),Regenerative Healing Factor

Ares_(Earth-616),Warfare Expertise

Ares_(Earth-616),War Manipulation

Ares_(Earth-616),Allspeak

Artemis_(Olympian)_(Earth-616),Superhuman Strength

Artemis_(Olympian)_(Earth-616),Superhuman Speed

Artemis_(Olympian)_(Earth-616),Superhuman Stamina

Artemis_(Olympian)_(Earth-616),Superhumanly Dense Tissue

Artemis_(Olympian)_(Earth-616),Superhuman Durability

Artemis_(Olympian)_(Earth-616),Regenerative Healing Factor

Artemis_(Olympian)_(Earth-616),Immortality

Artemis_(Olympian)_(Earth-616),Energy Manipulation

Artemis_(Olympian)_(Earth-616),Shape-Shifting

Artemis_(Olympian)_(Earth-616),Allspeak

Arthur_Parks_(Earth-616),Laser Mimicry Projection

Arthur_Parks_(Earth-616),Laser Implants

Athena_Parthenos_(Earth-616),Superhuman Strength

Athena_Parthenos_(Earth-616),Superhuman Speed

Athena_Parthenos_(Earth-616),Superhuman Stamina

Athena_Parthenos_(Earth-616),Superhumanly Dense Tissue

Athena_Parthenos_(Earth-616),Superhuman Durability

Athena_Parthenos_(Earth-616),Superhuman Agility

Athena_Parthenos_(Earth-616),Superhuman Reflexes

Athena_Parthenos_(Earth-616),Immortality

Athena_Parthenos_(Earth-616),Regenerative Healing Factor

Athena_Parthenos_(Earth-616),Magical Energy Manipulation

Athena_Parthenos_(Earth-616),Allspeak

Athena_Parthenos_(Earth-616),Divine Empowerment

Attuma_(Earth-616),Atlantean Physiology

Attuma_(Earth-616),Amphibious Adaption

Attuma_(Earth-616),Superhumanly Acute Senses

Attuma_(Earth-616),Superhuman Strength

Attuma_(Earth-616),Superhuman Speed

Attuma_(Earth-616),Superhuman Stamina

Attuma_(Earth-616),Superhuman Agility

Attuma_(Earth-616),Superhuman Reflexes

Attuma_(Earth-616),Superhuman Durability

Attuma_(Earth-616),Enhancements

Awesome_Android_(Earth-616),Mimicry

Awesome_Android_(Earth-616),Superhuman Strength

Awesome_Android_(Earth-616),Superhuman Stamina

Awesome_Android_(Earth-616),Superhuman Durability

Awesome_Android_(Earth-616),Superhuman Agility

Awesome_Android_(Earth-616),Superhuman Reflexes

Awesome_Android_(Earth-616),Wind Expulsion

Awesome_Android_(Earth-616),Limited Shapeshifting

Bast_(Earth-616),Ennead Physiology

Bast_(Earth-616),Enhanced Superhuman Strength

Bast_(Earth-616),Immortality

Bast_(Earth-616),Power Bestowal

Bast_(Earth-616),Teleportation

Baxu_(Earth-616),Night Vision

Benjamin_Grimm_(Earth-616),Rock-Like Skin

Benjamin_Grimm_(Earth-616),Superhuman Strength

Benjamin_Grimm_(Earth-616),Superhuman Stamina

Benjamin_Grimm_(Earth-616),Superhuman Durability

Benjamin_Grimm_(Earth-616),Superhuman Sensory Adaptation

Benjamin_Grimm_(Earth-616),Immortality

"Benjamin_Grimm_(Skrull,_Cow)_(Earth-616)",Skrull Shape-Shifting

Bennington_Brown_(Earth-616),Hypnotism

Bennington_Brown_(Earth-616),Illusionist

Blackagar_Boltagon_(Earth-616),Ambient Particle Electron Harnessing

Blackagar_Boltagon_(Earth-616),Particle Electron Channeling

Blackagar_Boltagon_(Earth-616),Particle Electron Manipulation

Blackagar_Boltagon_(Earth-616),Matter Energy Manipulation

Blackagar_Boltagon_(Earth-616),Telepathy

Blackagar_Boltagon_(Earth-616),Anti-Gravitational Flight

Blackagar_Boltagon_(Earth-616),Inhuman Physiology

Blackagar_Boltagon_(Earth-616),Superhuman Strength

Blackagar_Boltagon_(Earth-616),Superhuman Speed

Blackagar_Boltagon_(Earth-616),Superhuman Stamina

Blackagar_Boltagon_(Earth-616),Superhuman Durability

Blackagar_Boltagon_(Earth-616),Superhuman Agility

Blackagar_Boltagon_(Earth-616),Superhuman Reflexes

Blackagar_Boltagon_(Earth-616),Superhuman Longevity

Blastaar_(Earth-616),Superhuman Strength

Blastaar_(Earth-616),Superhuman Speed

Blastaar_(Earth-616),Superhuman Stamina

Blastaar_(Earth-616),Superhuman Durability

Blastaar_(Earth-616),Superhuman Agility

Blastaar_(Earth-616),Superhuman Reflexes

Blastaar_(Earth-616),Force Blasts

Blastaar_(Earth-616),Flight

Bombu_(Earth-616),Magic

Boris_Bullski_(Earth-616),Superhuman Strength

Bor_Burison_(Earth-616),Superhuman Strength

Bor_Burison_(Earth-616),Superhuman Speed

Bor_Burison_(Earth-616),Superhuman Stamina

Bor_Burison_(Earth-616),Superhuman Durability

Bor_Burison_(Earth-616),Regenerative Healing Factor

Bor_Burison_(Earth-616),Extended Longevity

Bor_Burison_(Earth-616),Allspeak

Boss_Barker_(Earth-616),Skrull Shape-Shifting

Buri_(Earth-616),Superhuman Strength

Buri_(Earth-616),Superhuman Durability

Buri_(Earth-616),Immortality

Cain_Marko_(Earth-616),Demonic Empowerment

Cain_Marko_(Earth-616),Nigh Limitless Strength

Cain_Marko_(Earth-616),Limitless Stamina

Cain_Marko_(Earth-616),Invulnerability

Cain_Marko_(Earth-616),Regenerative Healing Factor

Cain_Marko_(Earth-616),Self Sustenance

Cain_Marko_(Earth-616),Immortality

Cain_Marko_(Earth-616),Contaminant Immunity

Cain_Marko_(Earth-616),Force-Field

Cain_Marko_(Earth-616),Irresistible Force Embodiment

Caldwell_Rozza_(Earth-616),Superhuman Strength

Caldwell_Rozza_(Earth-616),Superhuman Durability

Calvin_Rankin_(Earth-616),Power Mimicry

Calvin_Zabo_(Earth-616),Hyde Formula

Calvin_Zabo_(Earth-616),Superhuman Strength

Calvin_Zabo_(Earth-616),Superhuman Stamina

Calvin_Zabo_(Earth-616),Superhuman Durability

Calvin_Zabo_(Earth-616),Healing Factor

Carlo_Zota_(Earth-616),Advanced Longevity

Carl_Creel_(Earth-616),Omni-Morph Duplication

Carl_Creel_(Earth-616),Omega Level Threat

Charles_Xavier_(Earth-616),Alpha-Level Mutant

Charles_Xavier_(Earth-616),Telepathy

Charles_Xavier_(Earth-616),Telepathic Illusions

Charles_Xavier_(Earth-616),Telepathic Cloak

Charles_Xavier_(Earth-616),Mind Link

Charles_Xavier_(Earth-616),Telepathic Camouflage

Charles_Xavier_(Earth-616),Mind Blast

Charles_Xavier_(Earth-616),Mind Control

Charles_Xavier_(Earth-616),Mind Possession

Charles_Xavier_(Earth-616),Mind Alteration

Charles_Xavier_(Earth-616),Mental Amnesia

Charles_Xavier_(Earth-616),Psionic Shield

Charles_Xavier_(Earth-616),Psionic Blasts

Charles_Xavier_(Earth-616),Astral Projection

Charles_Xavier_(Earth-616),Mental Detection

Charles_Xavier_(Earth-616),Mind Transferal

Charles_Xavier_(Earth-616),Absorb Information

Charles_Xavier_(Earth-616),Telekinesis

Chen_Lu_(Earth-616),Radiation Absorption Manipulation

Chen_Lu_(Earth-616),Energy Blasts

Chen_Lu_(Earth-616),Hard Radiation

Chen_Lu_(Earth-616),Force Fields

Chen_Lu_(Earth-616),Superhuman Strength

Clea_(Earth-616),Known Powers

Clea_(Earth-616),Sorcery

Clea_(Earth-616),Magical Energy Bolts

Clea_(Earth-616),Energy Shields

Clea_(Earth-616),Astral Projection

Clea_(Earth-616),Thoughtcasting

Clea_(Earth-616),Teleportation

Clea_(Earth-616),Dimensional Travel

Clea_(Earth-616),Levitation

Clea_(Earth-616),Illusion Casting

Clea_(Earth-616),Mesmerism

Clea_(Earth-616),Molecular Rearrangement

Clea_(Earth-616),Conjuration

Clea_(Earth-616),Telekinesis

Clea_(Earth-616),"Spells, Etc."

Clea_(Earth-616),Magic Generation

Clea_(Earth-616),Enhanced Strength

Clea_(Earth-616),Enhanced Durability

Clea_(Earth-616),Longevity

Clea_(Earth-616),Flames of Faltine

Crystalia_Amaquelin_(Earth-616),Inhuman Metabolism

Crystalia_Amaquelin_(Earth-616),Enhanced Reflexes

Crystalia_Amaquelin_(Earth-616),Enhanced Endurance

Crystalia_Amaquelin_(Earth-616),Enhanced Speed

Crystalia_Amaquelin_(Earth-616),Enhanced Strength

Crystalia_Amaquelin_(Earth-616),Elementalist

Crystalia_Amaquelin_(Earth-616),Aerokinesis

Crystalia_Amaquelin_(Earth-616),Flight

Crystalia_Amaquelin_(Earth-616),Force Fields

Crystalia_Amaquelin_(Earth-616),Geokinesis

Crystalia_Amaquelin_(Earth-616),Ferrokinesis

Crystalia_Amaquelin_(Earth-616),Hydrokinesis

Crystalia_Amaquelin_(Earth-616),Cryokinesis

Crystalia_Amaquelin_(Earth-616),Pyrokinesis

Crystalia_Amaquelin_(Earth-616),Atomic Manipulation

Crystalia_Amaquelin_(Earth-616),Electrogenesis

Crystalia_Amaquelin_(Earth-616),Electrokinesis

Crystalia_Amaquelin_(Earth-616),Hydrogenesis

Crystalia_Amaquelin_(Earth-616),Magnetokinesis

Crystalia_Amaquelin_(Earth-616),Thermokinesis

Crystalia_Amaquelin_(Earth-616),Cryogenesis

Crystalia_Amaquelin_(Earth-616),Pyrogenesis

Crystalia_Amaquelin_(Earth-616),Elemental Awareness

Crystalia_Amaquelin_(Earth-616),Elemental Immunity

Curtis_Connors_(Earth-616),Lizard Physiology

Curtis_Connors_(Earth-616),Superhuman Strength

Curtis_Connors_(Earth-616),Superhuman Speed

Curtis_Connors_(Earth-616),Superhuman Stamina

Curtis_Connors_(Earth-616),Superhuman Durability

Curtis_Connors_(Earth-616),Superhuman Agility

Curtis_Connors_(Earth-616),Superhuman Reflexes

Curtis_Connors_(Earth-616),Regenerative Healing Factor

Curtis_Connors_(Earth-616),Tail

Curtis_Connors_(Earth-616),Fangs Claws

Curtis_Connors_(Earth-616),Wall Crawling

Curtis_Connors_(Earth-616),Psionics

David_Banner_(Earth-400005),Transformation

David_Banner_(Earth-400005),Superhuman Strength

David_Banner_(Earth-400005),Superhuman Speed

David_Banner_(Earth-400005),Superhuman Stamina

David_Banner_(Earth-400005),Superhuman Durability

David_Banner_(Earth-400005),Regenerative Healing Factor

David_Cannon_(Earth-616),Bodily Rotation

David_Cannon_(Earth-616),Superhuman Speed

David_Cannon_(Earth-616),Superhuman Balance

David_Cannon_(Earth-616),Superhuman Reflexes

David_Cannon_(Earth-616),Altered Physiology

David_Cannon_(Earth-616),Flight

David_Cannon_(Earth-616),Force Field

David_Cannon_(Earth-616),Partial Whirlwind

David_Cannon_(Earth-616),Surface Climbing

David_Cannon_(Earth-616),Tornado Creation

David_Cannon_(Earth-616),Wind Jet Stream

Dionysus_Acratophorus_(Earth-616),Superhuman Strength

Dionysus_Acratophorus_(Earth-616),Superhuman Speed

Dionysus_Acratophorus_(Earth-616),Superhuman Stamina

Dionysus_Acratophorus_(Earth-616),Superhumanly Dense Tissue

Dionysus_Acratophorus_(Earth-616),Superhuman Durability

Dionysus_Acratophorus_(Earth-616),Immortality

Dionysus_Acratophorus_(Earth-616),Regenerative Healing Factor

Dionysus_Acratophorus_(Earth-616),Allspeak

Dionysus_Acratophorus_(Earth-616),Energy Manipulation

Dionysus_Acratophorus_(Earth-616),Shapeshifting

Dionysus_Acratophorus_(Earth-616),Plant Manipulation

Dionysus_Acratophorus_(Earth-616),Teleportation

Dionysus_Acratophorus_(Earth-616),Madness Inducing

Dirk_Garthwaite_(Earth-616),Superhuman Strength

Dirk_Garthwaite_(Earth-616),Superhuman Stamina

Dirk_Garthwaite_(Earth-616),Superhuman Durability

Dirk_Garthwaite_(Earth-616),Mystical Link

Doomsday_Man_(Earth-616),Invulnerability

Doris_Evans_(Earth-616),Power Grid

Dormammu_(Earth-616),Sorcery over the Flames of the Faltine

Dormammu_(Earth-616),Banishment

Dormammu_(Earth-616),Superhuman Strength

Dormammu_(Earth-616),Astral Projection

Dormammu_(Earth-616),Matter Transmutations

Dormammu_(Earth-616),Inter-dimensional Teleportation/Transportation

Dormammu_(Earth-616),High-Speed Flight

Dormammu_(Earth-616),Transformations

Dormammu_(Earth-616),Elemental Control

Dormammu_(Earth-616),Time Travel

Dormammu_(Earth-616),Invulnerability

Dormammu_(Earth-616),Size Alteration

Dormammu_(Earth-616),Immortality

Dormammu_(Earth-616),Regenerative Healing Factor

Dormammu_(Earth-616),Energy Projection

Dormammu_(Earth-616),Energy Absorption

Dormammu_(Earth-616),Resurrection

Dorrek_VII_(Earth-616),Skrull Shape-Shifting

Dragon_Man_(Earth-616),Superhuman Strength

Dragon_Man_(Earth-616),Superhuman Stamina

Dragon_Man_(Earth-616),Superhuman Durability

Dragon_Man_(Earth-616),Flight

Dragon_Man_(Earth-616),Fire-Breath

Ebenezer_Laughton_(Earth-616),Mutated Pheromone

Ebenezer_Laughton_(Earth-616),Superhuman Strength

Ebenezer_Laughton_(Earth-616),Superhuman Speed

Ebenezer_Laughton_(Earth-616),Superhuman Stamina

Ebenezer_Laughton_(Earth-616),Superhuman Agility

Ebenezer_Laughton_(Earth-616),Superhuman Reflexes

Ebenezer_Laughton_(Earth-616),Regenerative Healing Factor

Ebenezer_Laughton_(Earth-616),Possession and Resurrection

Ebony_(Earth-616),Transformation

Ego_(Earth-616),Surface Matter Manipulation

Ego_(Earth-616),Psionic Powers

Ego_(Earth-616),Hyperspace Travel

Elektro_(Earth-616),Psionic Force Fields

Elektro_(Earth-616),Gamma Ray Projection

Elektro_(Earth-616),Atomic Manipulation

Elektro_(Earth-616),Object Levitation

Elendil_(Earth-616),Flight

Elizabeth_Ross_(Earth-616),Harpy

Elizabeth_Ross_(Earth-616),Superhuman Strength

Elizabeth_Ross_(Earth-616),Flight

Elizabeth_Ross_(Earth-616),Superhuman Durability

Elizabeth_Ross_(Earth-616),Superhuman Stamina

Elizabeth_Ross_(Earth-616),Superhuman Speed

Elizabeth_Ross_(Earth-616),Superhuman Agility

Elizabeth_Ross_(Earth-616),Energy Blasts

Elizabeth_Ross_(Earth-616),Claws and Talons

Elizabeth_Ross_(Earth-616),Regenerative Healing Factor

Elizabeth_Ross_(Earth-616),Smell

Emil_Blonsky_(Earth-616),Gamma Radiation

Emil_Blonsky_(Earth-616),Superhuman Strength

Emil_Blonsky_(Earth-616),Superhuman Stamina

Emil_Blonsky_(Earth-616),Superhuman Durability

Emil_Blonsky_(Earth-616),Regenerative Healing Factor

Emil_Blonsky_(Earth-616),Gamma Radiation/Energy Manipulation and Emission

Emil_Blonsky_(Earth-616),Underwater Breathing

Emil_Blonsky_(Earth-616),Suspended Animation

Emil_Blonsky_(Earth-616),Hulk Tracking

Erik_Josten_(Earth-616),Pym Particles/Ionic Energy Form

Erik_Josten_(Earth-616),Immeasurable Strength

Erik_Josten_(Earth-616),Invulnerability

Erik_Josten_(Earth-616),Limitless Stamina

Erik_Josten_(Earth-616),Increased Perceptions and Reflexes

Erik_Josten_(Earth-616),Energy Form (Latent)

Erik_Josten_(Earth-616),Adaptive Possession (Latent)

Erik_Josten_(Earth-616),Flight (Latent)

Erik_Josten_(Earth-616),Energy Manipulation (Latent)

Erik_Josten_(Earth-616),Energy Transferal

Erik_Josten_(Earth-616),Pan-Dimensional Phasing (Latent)

Erik_Josten_(Earth-616),Breach Creation (Latent)

Erik_Josten_(Earth-616),Immortality

Erik_Josten_(Earth-616),Self-Sustenance (Latent)

Erik_Josten_(Earth-616),Healing Factor (Latent)

Erik_Josten_(Earth-616),Size Alteration

Erik_Josten_(Earth-616),Mass Particle Transference (Latent)

Eugene_Thompson_(Earth-616),White Symbiotic Costume

Eugene_Thompson_(Earth-616),Superhuman Strength

Eugene_Thompson_(Earth-616),Superhuman Speed

Eugene_Thompson_(Earth-616),Superhuman Stamina

Eugene_Thompson_(Earth-616),Superhuman Durability

Eugene_Thompson_(Earth-616),Superhuman Agility

Eugene_Thompson_(Earth-616),Superhuman Reflexes

Eugene_Thompson_(Earth-616),Webbing Generation

Eugene_Thompson_(Earth-616),Accelerated Healing Factor

Eugene_Thompson_(Earth-616),Wall-Crawling

Eugene_Thompson_(Earth-616),ESP (Spider-Sense)

Eugene_Thompson_(Earth-616),Spider-Sense Immunity

Eugene_Thompson_(Earth-616),Adaptive Camouflage

Eugene_Thompson_(Earth-616),Constituent-Matter Generation

Eugene_Thompson_(Earth-616),Constituent-Matter Manipulation

Eugene_Thompson_(Earth-616),Shapeshifting

Eugene_Thompson_(Earth-616),Genetic Memory

Eugene_Thompson_(Earth-616),Night Vision

Eugene_Thompson_(Earth-616),External Symbiote Rejection

Eugene_Thompson_(Earth-616),Healing Touch

Fafnir_(Nastrond)_(Earth-616),"Superhuman strength, stamina, and durability"

Fafnir_(Nastrond)_(Earth-616),Fire Breath

Fafnir_(Nastrond)_(Earth-616),Illusion casting

Fafnir_(Nastrond)_(Earth-616),Mind Control

Fandral_(Earth-616),Asgardian Physiology

Fandral_(Earth-616),Superhuman Strength

Fandral_(Earth-616),Superhuman Speed

Fandral_(Earth-616),Superhuman Stamina

Fandral_(Earth-616),Superhuman Durability

Fandral_(Earth-616),Superhumanly Dense Tissue

Fandral_(Earth-616),Regenerative Healing Factor

Fandral_(Earth-616),Extended Longevity

Fenris_Wolf_(Earth-616),Shapeshifting

Fenris_Wolf_(Earth-616),Anthropomorphism

Fenris_Wolf_(Earth-616),Size Alteration

Fenris_Wolf_(Earth-616),Digestive Shapeshifting

Fenris_Wolf_(Earth-616),Superhuman Strength

Fenris_Wolf_(Earth-616),Superhuman Speed

Fenris_Wolf_(Earth-616),Superhuman Agility

Fenris_Wolf_(Earth-616),Superhuman Stamina

Fenris_Wolf_(Earth-616),Super-humanly Acute Senses

Fenris_Wolf_(Earth-616),Godlike Invulnerability

Fenris_Wolf_(Earth-616),Regenerative Healing Factor

Fin_Fang_Foom_(Earth-616),Kakarantharaian Physiology

Fin_Fang_Foom_(Earth-616),Superhuman Strength

Fin_Fang_Foom_(Earth-616),Superhuman Stamina

Fin_Fang_Foom_(Earth-616),Superhuman Durability

Fin_Fang_Foom_(Earth-616),Superhuman Longevity

Fin_Fang_Foom_(Earth-616),Shape-shifting

Fin_Fang_Foom_(Earth-616),Regenerative Healing Factor

Fin_Fang_Foom_(Earth-616),Spiritual Possession

Fin_Fang_Foom_(Earth-616),Transmogrification (Potentially)

Fin_Fang_Foom_(Earth-616),Flight

Fin_Fang_Foom_(Earth-616),Energy Assimilation

Fin_Fang_Foom_(Earth-616),Telepathy

Fin_Fang_Foom_(Earth-616),Acid Mist

Frankenstein%27s_Monster_(Earth-616),Immortality

Frankenstein%27s_Monster_(Earth-616),Superhuman Strength

Frankenstein%27s_Monster_(Earth-616),Superhuman Stamina

Frankenstein%27s_Monster_(Earth-616),Superhuman Durability

Frankenstein%27s_Monster_(Earth-616),Regenerative Healing Factor

Franklin_Richards_(Earth-616),Beyond Omega Classification

Franklin_Richards_(Earth-616),Alpha-Level Mutant

Franklin_Richards_(Earth-616),High Threat Level

Franklin_Richards_(Earth-616),Mentifery (latent)

Franklin_Richards_(Earth-616),Particle Energy Manipulation (latent)

Franklin_Richards_(Earth-616),Chronokinesis (latent)

Franklin_Richards_(Earth-616),Psionics (latent)

Franklin_Richards_(Earth-616),Telekinesis (latent)

Franklin_Richards_(Earth-616),Bio-Blasts

Franklin_Richards_(Earth-616),Molecular Manipulation

Franklin_Richards_(Earth-616),Telepathy

Franklin_Richards_(Earth-616),Telepathic Illusion

Franklin_Richards_(Earth-616),Telepathic Cloak

Franklin_Richards_(Earth-616),Mind Link

Franklin_Richards_(Earth-616),Telepathic Camouflage

Franklin_Richards_(Earth-616),Mind Control

Franklin_Richards_(Earth-616),Mind Possession

Franklin_Richards_(Earth-616),Mind Alteration

Franklin_Richards_(Earth-616),Mental Amnesia

Franklin_Richards_(Earth-616),Psionic Shield

Franklin_Richards_(Earth-616),Psionic Blasts

Franklin_Richards_(Earth-616),Astral Projection

Franklin_Richards_(Earth-616),Mental Detection

Franklin_Richards_(Earth-616),Mind Transferal

Franklin_Richards_(Earth-616),Precognitive Dreams (latent)

Franklin_Richards_(Earth-616),Dream-Self Projection (latent)

Franklin_Richards_(Earth-616),Fundamental Forces Manipulation (latent)

Franklin_Richards_(Earth-616),Energy Constructs (latent)

Franklin_Richards_(Earth-616),Superhuman Durability

Franklin_Storm_(Earth-616),Power Grid

Frank_Oliver_(Earth-616),Air jet Implants

Frederick_Dukes_(Earth-616),Superhuman Durability and Strength

Frederick_Dukes_(Earth-616),Pain Immunity

Frederick_Dukes_(Earth-616),Trapping

Frederick_Dukes_(Earth-616),Projectile Redirection

Frederick_Dukes_(Earth-616),Mass Shifting

Frederick_Dukes_(Earth-616),Secondary Mutation

Frederick_Dukes_(Earth-616),Stretching

Future_Man_(Earth-616),Telepathy

Future_Man_(Earth-616),Illusion Casting

Future_Man_(Earth-616),Mental Lightning Bolts

Future_Man_(Earth-616),Telekinesis

Future_Man_(Earth-616),Intangibility

Galan_(Earth-616),Cosmic Entity

Galan_(Earth-616),Immortality

Galan_(Earth-616),God-level Strength

Galan_(Earth-616),God-level Stamina

Galan_(Earth-616),God-level Speed

Galan_(Earth-616),Invulnerability

Galan_(Earth-616),Energy Discharges

Galan_(Earth-616),Energy Absorption

Galan_(Earth-616),Levitation

Galan_(Earth-616),Size-Alteration

Galan_(Earth-616),Adapted Appearance

Galan_(Earth-616),Molecular Restructuring

Galan_(Earth-616),Matter Transmutation

Galan_(Earth-616),Teleportation

Galan_(Earth-616),Force-Fields

Galan_(Earth-616),Interdimensional Intradimensional Portals

Galan_(Earth-616),Telepathy

Galan_(Earth-616),Telekinesis

Galan_(Earth-616),Cosmic Awareness

Galan_(Earth-616),Resurrection

Galan_(Earth-616),Creation

Galan_(Earth-616),Soul Control Manipulation

Galan_(Earth-616),Recreation

Galan_(Earth-616),Power/Ability Bestowal

Galan_(Earth-616),Vitakinesis

Galaxy_Master_(Earth-616),Cosmic Abstract Entity

Geirrodur_(Earth-616),Rock Troll Physiology

Gorgon_Petragon_(Earth-616),Superhuman Strength

Gorgon_Petragon_(Earth-616),Superhuman Speed

Gorgon_Petragon_(Earth-616),Superhuman Stamina

Gorgon_Petragon_(Earth-616),Superhuman Agility

Gorgon_Petragon_(Earth-616),Superhuman Reflexes

Gorgon_Petragon_(Earth-616),Superhuman Durability

Gorgon_Petragon_(Earth-616),Regenerative Healing Factor

Gorgon_Petragon_(Earth-616),Kinetic Shockwaves

Gorgon_Petragon_(Earth-616),Primagen Boost

Gregor_Shapanka_(Earth-616),Cryokinesis

Grom_(Earth-616),Superhuman Strength

Grom_(Earth-616),Superhuman Speed

Grom_(Earth-616),Metahuman Stamina

Grom_(Earth-616),Metahuman Durability

Grom_(Earth-616),Enhanced Agility Reflexes

Grom_(Earth-616),Regenerative Healing Factor

Grom_(Earth-616),Immortality

Grom_(Earth-616),Psionics

Grom_(Earth-616),Telepathy

Grom_(Earth-616),Telepathic Control

Grom_(Earth-616),Precognition

Grom_(Earth-616),Telekinesis

Grom_(Earth-616),Psychokinetics Blasts

Grom_(Earth-616),Psionic Energy Channeling

Grom_(Earth-616),Flight

Grottu_(Earth-616),Superhuman Strength

Grottu_(Earth-616),Superhuman Durability

Grottu_(Earth-616),Animal Control

Grottu_(Earth-616),Power Grid

Gunther_Bain_(Earth-616),Repulsion Field

H._Warren_Craddock_(Skrull)_(Earth-616),Skrull Shape-Shifting

Haag_(Asgardian)_(Earth-616),Precognition

Hades_(Earth-616),Superhuman Strength

Hades_(Earth-616),Superhuman Speed

Hades_(Earth-616),Superhuman Stamina

Hades_(Earth-616),Superhuman Durability

Hades_(Earth-616),Superhuman Agility

Hades_(Earth-616),Superhuman Reflexes

Hades_(Earth-616),Immortality

Hades_(Earth-616),Regenerative Healing Factor

Hades_(Earth-616),Allspeak

Hades_(Earth-616),Magical Energy Manipulation

Hades_(Earth-616),Mystical Force Beams

Hades_(Earth-616),Inter-Dimensional Teleportation

Hades_(Earth-616),Strength Enhancement

Hades_(Earth-616),Mystical Force Fields

Hades_(Earth-616),Enchantment of People and Objects

Hades_(Earth-616),Hellfire

Hades_(Earth-616),Lifeforce Absorption

Hades_(Earth-616),Illusions

Hades_(Earth-616),Memory Manipulation

Hades_(Earth-616),Death God

Hades_(Earth-616),The Realm of Hades

Hades_(Earth-616),Control Over Life and Death

Harold_Kane_(Earth-616),Superhuman Speed

Harold_Osborn_(Earth-616),Superhuman Strength

Harold_Osborn_(Earth-616),Superhuman Speed

Harold_Osborn_(Earth-616),Superhuman Stamina

Harold_Osborn_(Earth-616),Superhuman Durability

Harold_Osborn_(Earth-616),Regenerative Healing Factor

Harold_Osborn_(Earth-616),Superhuman Agility

Harold_Osborn_(Earth-616),Superhuman Reflexes

Harvey_Elder_(Earth-616),Radar Sense

Heathrow_Vance_(Earth-616),X-Ray Vision

Heimdall_(Earth-616),Superhuman Strength

Heimdall_(Earth-616),Superhuman Speed

Heimdall_(Earth-616),Superhuman Stamina

Heimdall_(Earth-616),Superhumanly Dense Tissue

Heimdall_(Earth-616),Superhuman Durability

Heimdall_(Earth-616),Superhuman Agility

Heimdall_(Earth-616),Superhuman Reflexes

Heimdall_(Earth-616),Extended Longevity

Heimdall_(Earth-616),Regenerative Healing Factor

Heimdall_(Earth-616),Superhumanly Acute Senses

Heimdall_(Earth-616),Avatar Projection

Heinrich_Zemo_(Earth-616),Slowed Aging

Hela_(Earth-616),Asgardian Physiology

Hela_(Earth-616),Superhuman Strength

Hela_(Earth-616),Superhuman Speed

Hela_(Earth-616),Superhuman Stamina

Hela_(Earth-616),Superhuman Durability

Hela_(Earth-616),Immortality

Hela_(Earth-616),Regenerative Healing Factor

Hela_(Earth-616),Magic Manipulation

Hela_(Earth-616),Astral Projection

Hela_(Earth-616),Control Over Life and Death

Hela_(Earth-616),Allspeak

Henry_McCoy_(Earth-616),Genetic Atavism

Henry_McCoy_(Earth-616),Superhuman Strength

Henry_McCoy_(Earth-616),Superhuman Speed

Henry_McCoy_(Earth-616),Superhuman Stamina

Henry_McCoy_(Earth-616),Superhuman Durability

Henry_McCoy_(Earth-616),Superhuman Agility

Henry_McCoy_(Earth-616),Superhuman Reflexes

Henry_McCoy_(Earth-616),Superhuman Dexterity

Henry_McCoy_(Earth-616),Regenerative Healing Factor

Henry_McCoy_(Earth-616),Contaminant Resistance

Henry_McCoy_(Earth-616),Temperature Resistance

Henry_McCoy_(Earth-616),Telepathic Resistance

Henry_McCoy_(Earth-616),Slowed Aging

Henry_McCoy_(Earth-616),Superhuman Senses

Henry_McCoy_(Earth-616),Minor Pheromone Manipulation

Henry_McCoy_(Earth-616),Razor-Sharp Claws and Fangs

Henry_Pym_(Earth-616),Cyborg Body

Henry_Pym_(Earth-616),Superhuman Strength

Henry_Pym_(Earth-616),Superhuman Speed

Henry_Pym_(Earth-616),Superhuman Durability

Henry_Pym_(Earth-616),Flight

Henry_Pym_(Earth-616),Concussion Blasters

Henry_Pym_(Earth-616),Tractor Beams

Henry_Pym_(Earth-616),Encephalo-beam

Henry_Pym_(Earth-616),Energy Absorption

Henry_Pym_(Earth-616),Program Transmitter

Henry_Pym_(Earth-616),Technoforming

Henry_Pym_(Earth-616),Size Reduction

Henry_Pym_(Earth-616),Size Addition

Henry_Pym_(Earth-616),Entering other planes of existence

Hephaestus_Aetnaeus_(Earth-616),Superhuman Strength

Hephaestus_Aetnaeus_(Earth-616),Superhuman Speed

Hephaestus_Aetnaeus_(Earth-616),Superhuman Stamina

Hephaestus_Aetnaeus_(Earth-616),Superhumanly Dense Tissue

Hephaestus_Aetnaeus_(Earth-616),Superhuman Durability

Hephaestus_Aetnaeus_(Earth-616),Regenerative Healing Factor

Hephaestus_Aetnaeus_(Earth-616),Immortality

Hephaestus_Aetnaeus_(Earth-616),Allspeak

Herbert_Wyndham_(Earth-616),Superhuman Strength

Herbert_Wyndham_(Earth-616),Superhuman Intelligence

Herbert_Wyndham_(Earth-616),Superhuman Durability

Herbert_Wyndham_(Earth-616),Healing Factor

Herbert_Wyndham_(Earth-616),Telepathic Communication

Herbert_Wyndham_(Earth-616),Astral Projection

Herbert_Wyndham_(Earth-616),Self-Levitation

Herbert_Wyndham_(Earth-616),Mental Invisibility

Herbert_Wyndham_(Earth-616),Force Fields

Herbert_Wyndham_(Earth-616),Mass Manipulation

Herbert_Wyndham_(Earth-616),Psychokinesis

Herbert_Wyndham_(Earth-616),Concussive Force Blasts

Herbert_Wyndham_(Earth-616),Plasmatic Rays

Herbert_Wyndham_(Earth-616),Total Recall Memory

Herbert_Wyndham_(Earth-616),Artificial Evolution

Herbert_Wyndham_(Earth-616),Immortality

Hermes_Diaktoros_(Earth-616),Olympian Physiology

Hermes_Diaktoros_(Earth-616),Godlike Speed

Hermes_Diaktoros_(Earth-616),Superhuman Strength

Hermes_Diaktoros_(Earth-616),Flight Speed

Hermes_Diaktoros_(Earth-616),Godlike Stamina

Hermes_Diaktoros_(Earth-616),Superhumanly Dense Tissue

Hermes_Diaktoros_(Earth-616),Superhuman Durability

Hermes_Diaktoros_(Earth-616),Superhuman Agility

Hermes_Diaktoros_(Earth-616),Superhuman Reflexes

Hermes_Diaktoros_(Earth-616),Regenerative Healing Factor

Hermes_Diaktoros_(Earth-616),Disease Immunity

Hermes_Diaktoros_(Earth-616),Immortality

Hermes_Diaktoros_(Earth-616),Allspeak

Hippolyta_(Earth-616),Superhuman Strength

Hippolyta_(Earth-616),Superhuman Speed

Hippolyta_(Earth-616),Superhuman Stamina

Hippolyta_(Earth-616),Superhumanly Durability

Hippolyta_(Earth-616),Immortality

Hippolyta_(Earth-616),Regenerative Healing Factor

Hippolyta_(Earth-616),Superhuman Agility

Hippolyta_(Earth-616),Superhuman Reflexes

Hogun_(Earth-616),Asgardian Physiology

Hogun_(Earth-616),Superhuman Strength

Hogun_(Earth-616),Superhuman Speed

Hogun_(Earth-616),Superhuman Stamina

Hogun_(Earth-616),Superhuman Durability

Hogun_(Earth-616),Superhuman Agility

Hogun_(Earth-616),Superhuman Reflexes

Hogun_(Earth-616),Superhumanly Dense Tissue

Hogun_(Earth-616),Regenerative Healing Factor

Hogun_(Earth-616),Extended Longevity

Igor_(Earth-616),Shapeshifting

Impossible_Man_(Earth-616),Omnifarious

Impossible_Man_(Earth-616),Levitation

Impossible_Man_(Earth-616),Serial Reproduction

Infant_Terrible_(Earth-616),Molecular Matter Manipulation

Infant_Terrible_(Earth-616),Teleportation

Infant_Terrible_(Earth-616),Force Field Generation

Infant_Terrible_(Earth-616),Matter Transmutation

It_the_Living_Colossus_(Earth-616),Flight

It_the_Living_Colossus_(Earth-616),Limited Invulnerability

Jacqueline_Tavarez_(Earth-616),Designer Drug Effects

Jacqueline_Tavarez_(Earth-616),Superhuman Agility

Janet_van_Dyne_(Earth-616),Size Reduction

Janet_van_Dyne_(Earth-616),Bio-Synthetic Wings

Janet_van_Dyne_(Earth-616),Wasp's Sting

Janet_van_Dyne_(Earth-616),Insect Communication and Control

Janet_van_Dyne_(Earth-616),Size Addition

Jane_Foster_(Earth-616),Transformation

Jane_Foster_(Earth-616),Superhuman Strength

Jane_Foster_(Earth-616),Superhuman Speed

Jane_Foster_(Earth-616),Enhanced Vision

Jane_Foster_(Earth-616),Death Perception

Jane_Foster_(Earth-616),Mystical Teleportation

Jane_Foster_(Earth-616),Flight

Jane_Foster_(Earth-616),Superhuman Longevity

Jason_Wilkes_(Earth-616),Invisibilty

Jason_Wyngarde_(Earth-616),Illusion Casting

Jason_Wyngarde_(Earth-616),Duplication

Jason_Wyngarde_(Earth-616),Limited Memory Manipulation

Jason_Wyngarde_(Earth-616),Special Limitations

Jean_Grey_(Earth-616),Alpha-Psi

Jean_Grey_(Earth-616),Alpha Level Telepath

Jean_Grey_(Earth-616),Alpha-Level Mutant

Jean_Grey_(Earth-616),Psionic of Highest Order

Jean_Grey_(Earth-616),Cosmic-level powers

Jean_Grey_(Earth-616),Empathy

Jean_Grey_(Earth-616),Telepathy

Jean_Grey_(Earth-616),Telepathic Defense

Jean_Grey_(Earth-616),Telepathic Cloak

Jean_Grey_(Earth-616),Cloak Mind

Jean_Grey_(Earth-616),Psychic Shield

Jean_Grey_(Earth-616),Telepathic Illusions

Jean_Grey_(Earth-616),Telepathic Camouflage

Jean_Grey_(Earth-616),Telepathic Manipulation

Jean_Grey_(Earth-616),Memory Alteration

Jean_Grey_(Earth-616),Mind Control

Jean_Grey_(Earth-616),Mind Possession

Jean_Grey_(Earth-616),Personality Alteration

Jean_Grey_(Earth-616),Mental Paralysis

Jean_Grey_(Earth-616),Mental Amnesia

Jean_Grey_(Earth-616),Mind Transferral

Jean_Grey_(Earth-616),Heal Trauma

Jean_Grey_(Earth-616),Mental Sedating

Jean_Grey_(Earth-616),Neural Jumpstart

Jean_Grey_(Earth-616),Dilate Power

Jean_Grey_(Earth-616),Mind Link

Jean_Grey_(Earth-616),Psychic Blast

Jean_Grey_(Earth-616),Astral Projection

Jean_Grey_(Earth-616),Mental Detection

Jean_Grey_(Earth-616),Telekinesis

Jean_Grey_(Earth-616),Psychic Firebird

Jean_Grey_(Earth-616),Force Field

Jean_Grey_(Earth-616),Tactile Telekinesis

Jean_Grey_(Earth-616),Telekinetic Aura

Jean_Grey_(Earth-616),Matter Transmutation

Jean_Grey_(Earth-616),Psychic Siphoning

Jean_Grey_(Earth-616),Telekinetic Aura

Jean_Grey_(Earth-616),Psychic Resistance

Jean_Grey_(Earth-616),Psychic Entity Physiology

Jean_Grey_(Earth-616),Cosmic-Level Telekinetic Blast

Jean_Grey_(Earth-616),Psionic Bolt Generation

Jean_Grey_(Earth-616),Psychic Firebird

Jean_Grey_(Earth-616),Telekinetic Weapons

Jennifer_Walters_(Earth-616),Physical Transformation

Jennifer_Walters_(Earth-616),Superhuman Strength

Jennifer_Walters_(Earth-616),Superhuman Speed

Jennifer_Walters_(Earth-616),Superhuman Stamina

Jennifer_Walters_(Earth-616),Superhuman Durability

Jennifer_Walters_(Earth-616),Regenerative Healing Factor

Jennifer_Walters_(Earth-616),Retroactive Immortality

Jennifer_Walters_(Earth-616),Body Switch

Jerome_Hamilton_(Scientist)_(Earth-616),Advanced Longevity

Jinni_(Earth-616),Superhuman Strength

Jinni_(Earth-616),Superhuman Durability

Jinni_(Earth-616),Superhuman Stamina

Jinni_(Earth-616),Size Alteration

Jinni_(Earth-616),Flight

Jinni_(Earth-616),Magic

John_Jonah_Jameson_III_(Earth-616),Pseudo-Lycanthropy

John_Jonah_Jameson_III_(Earth-616),Superhuman Strength

John_Jonah_Jameson_III_(Earth-616),Peak Human Speed

John_Jonah_Jameson_III_(Earth-616),Superhuman Agility

John_Jonah_Jameson_III_(Earth-616),Peak Human Stamina

John_Jonah_Jameson_III_(Earth-616),Peak Human Reflexes

John_Jonah_Jameson_III_(Earth-616),Superhuman Durability

John_Jonah_Jameson_III_(Earth-616),Regenerative Healing Factor

John_Jonah_Jameson_III_(Earth-616),Superhumanly Acute Senses

John_Jonah_Jameson_III_(Earth-616),Teeth and Claws

Jonathan_Storm_(Earth-616),Pyrogenesis

Jonathan_Storm_(Earth-616),Plasma Form

Jonathan_Storm_(Earth-616),Pyrokinesis

Jonathan_Storm_(Earth-616),Nova Flame

Jonathan_Storm_(Earth-616),Flight

Jonathan_Storm_(Earth-616),Thermokinesis

Jonathan_Storm_(Earth-616),Superhuman Durability

Jonathan_Storm_(Earth-616),Immunity to Fire Heat

"Jonathan_Storm_(Skrull,_Cow)_(Earth-616)",Skrull Shape-Shifting

Joost_van_Straaten_(Earth-616),Spirit Body

Joshua_Ayers_(Earth-616),Hypnotic Control

Joya_(Earth-616),Superhuman Strength

Joya_(Earth-616),Superhuman Speed

Joya_(Earth-616),Superhuman Stamina

Joya_(Earth-616),Superhuman Durability

Joya_(Earth-616),Superhumanly Dense Tissue

Joya_(Earth-616),Regenerative Healing Factor

Joya_(Earth-616),Immortality

Karl_Mordo_(Earth-616),Magic Energy Blasts

Karl_Mordo_(Earth-616),Force Field

Karl_Mordo_(Earth-616),Astral Projection

Karl_Mordo_(Earth-616),Thought-Casting

Karl_Mordo_(Earth-616),Teleportation

Karl_Mordo_(Earth-616),Opening dimensional gateways

Karl_Mordo_(Earth-616),Levitating

Karl_Mordo_(Earth-616),Illusions

Karl_Mordo_(Earth-616),Hypnotism

Karl_Mordo_(Earth-616),Materialization

Karl_Mordo_(Earth-616),Necromancy

Karnak_Mander-Azur_(Earth-616),Inhuman Metabolism

Karnak_Mander-Azur_(Earth-616),Enhanced Reflexes

Karnak_Mander-Azur_(Earth-616),Enhanced Endurance

Karnak_Mander-Azur_(Earth-616),Enhanced Speed

Karnak_Mander-Azur_(Earth-616),Enhanced Strength

Karnak_Mander-Azur_(Earth-616),Autonomic Function Control

Karnak_Mander-Azur_(Earth-616),Enhanced Durability

Karnak_Mander-Azur_(Earth-616),Stress Point Detection

Karnak_Mander-Azur_(Earth-616),Precognition

Karnak_Mander-Azur_(Earth-616),Psychological Intuition

Karnilla_(Earth-616),Allspeak

Kenneth_Hale_(Earth-616),Mystical Enchantment

Kenneth_Hale_(Earth-616),Superhuman Strength

Kenneth_Hale_(Earth-616),Superhuman Stamina

Kenneth_Hale_(Earth-616),Superhuman Durability

Kenneth_Hale_(Earth-616),Superhuman Agility

Kenneth_Hale_(Earth-616),Superhuman Dexterity

Kenneth_Hale_(Earth-616),Superhuman Sense of Smell

Kenneth_Hale_(Earth-616),Immortality

Kevin_Marlow_(Earth-616),Superhuman Strength

Kevin_Marlow_(Earth-616),Peak Human Speed

Kevin_Marlow_(Earth-616),Superhuman Stamina

Kevin_Marlow_(Earth-616),Superhuman Durability

Kevin_Marlow_(Earth-616),Superhuman Agility

Kevin_Marlow_(Earth-616),Superhuman Reflexes

Kevin_Marlow_(Earth-616),Slowed Aging Process

Kl%27rt_(Earth-616),Skrull Shape-Shifting

Klaus_Voorhees_(Earth-616),Elasticity

Knorda_(Earth-616),Power Grid

Korg_(Earth-616),Superhuman Strength

Korg_(Earth-616),Superhuman Stamina

Korg_(Earth-616),Superhuman Durability

Laufey_(Earth-616),Frost Giant Physiology

Leland_Owlsley_(Earth-616),Flight

Leland_Owlsley_(Earth-616),Adaption to Flight

Leland_Owlsley_(Earth-616),Skeletal Structure

Leland_Owlsley_(Earth-616),Avian Cardiac-Pulmonary System

Leland_Owlsley_(Earth-616),Superhuman Strength

Leland_Owlsley_(Earth-616),Superhuman Speed

Leland_Owlsley_(Earth-616),"Superhuman Agility, Reflexes and Stamina"

Leland_Owlsley_(Earth-616),Superhuman Durability

Leland_Owlsley_(Earth-616),Enhanced Senses

Leland_Owlsley_(Earth-616),Trichokinesis

Leland_Owlsley_(Earth-616),Enhanced Metabolism

Leland_Owlsley_(Earth-616),Healing Factor

Leland_Owlsley_(Earth-616),Photokinetic Data Acquisition

Lippy_Louie_(Earth-616),Skrull Shape-Shifting

Living_Brain_(Earth-616),Superhuman Strength

Living_Brain_(Earth-616),Superhuman Durability

Living_Brain_(Earth-616),Self-Repairing System

Lockjaw_(Earth-616),Intra/Inter-Dimensional Teleportation

Lockjaw_(Earth-616),Spatial Distance Sense

Lockjaw_(Earth-616),Psionic/Interdimensional Tracking Sense

Lockjaw_(Earth-616),Superhuman Strength

Lockjaw_(Earth-616),Claws

Lockjaw_(Earth-616),Superhuman Durability

Loki_Laufeyson_(Earth-616),Superhuman Strength

Loki_Laufeyson_(Earth-616),Superhumanly Dense Tissue

Loki_Laufeyson_(Earth-616),Superhuman Durability

Loki_Laufeyson_(Earth-616),Regenerative Healing Factor

Loki_Laufeyson_(Earth-616),Superhuman Stamina

Loki_Laufeyson_(Earth-616),Superhuman Longevity

Loki_Laufeyson_(Earth-616),Sorcery

Loki_Laufeyson_(Earth-616),Telekinesis

Loki_Laufeyson_(Earth-616),Mystical Energy Blasts

Loki_Laufeyson_(Earth-616),Mystical Force Fields

Loki_Laufeyson_(Earth-616),Illusion Casting

Loki_Laufeyson_(Earth-616),Teleportation

Loki_Laufeyson_(Earth-616),Psionics

Loki_Laufeyson_(Earth-616),Shape-shifting

Loki_Laufeyson_(Earth-616),Physical Enhancement

Loki_Laufeyson_(Earth-616),Other Mystical Abilities

Luchino_Nefaria_(Earth-616),Ionic Energy Form

Luchino_Nefaria_(Earth-616),Immortality

Luchino_Nefaria_(Earth-616),Regenerative Healing Factor

Luchino_Nefaria_(Earth-616),Self-Sustenance

Luchino_Nefaria_(Earth-616),Superhuman Strength

Luchino_Nefaria_(Earth-616),Superhuman Speed

Luchino_Nefaria_(Earth-616),Superhuman Stamina

Luchino_Nefaria_(Earth-616),Superhuman Senses

Luchino_Nefaria_(Earth-616),Solid Energy Constructs/Simulated Telekinesis

Luchino_Nefaria_(Earth-616),Invulnerability

Luchino_Nefaria_(Earth-616),Superhuman Agility

Luchino_Nefaria_(Earth-616),Energy Manipulation

Luchino_Nefaria_(Earth-616),Teleportation

Luchino_Nefaria_(Earth-616),Ionic Vampirism

Luchino_Nefaria_(Earth-616),Ionic Conversion

Lucifer_(Quist)_(Earth-616),Ionic Energy Manipulation

Lucifer_(Quist)_(Earth-616),Essence Fusion

Lucius_Farnsworth_(Earth-616),Hypnosis

Lucius_Farnsworth_(Earth-616),Telepathy

Lucius_Farnsworth_(Earth-616),Empathy

Lucius_Farnsworth_(Earth-616),Mind control

Lucius_Farnsworth_(Earth-616),Zoopathy

Lucius_Farnsworth_(Earth-616),Illusions

Lucius_Farnsworth_(Earth-616),Size alteration

Lucius_Farnsworth_(Earth-616),Size reduction

MacDonald_Gargan_(Earth-616),Superhuman Strength

MacDonald_Gargan_(Earth-616),Superhuman Speed

MacDonald_Gargan_(Earth-616),Superhuman Stamina

MacDonald_Gargan_(Earth-616),Superhuman Durability

MacDonald_Gargan_(Earth-616),Superhuman Agility

MacDonald_Gargan_(Earth-616),Superhuman Reflexes

MacDonald_Gargan_(Earth-616),Wall Crawling

Mad_Thinker_(Julius)_(Earth-616),Computer Link

Mad_Thinker_(Julius)_(Earth-616),Plasticity

Magno-Man_(Earth-616),Magnetokinesis

Maha_Yogi_(Earth-616),Superhuman Mental Powers

Mandarin_(Earth-616),Chi Manipulation

Mangog_(Earth-616),Mystical and Psionic Energies

Mangog_(Earth-616),Superhuman Strength

Mangog_(Earth-616),Superhuman Speed

Mangog_(Earth-616),Superhuman Stamina

Mangog_(Earth-616),Superhuman Durability

Mangog_(Earth-616),Superhuman Agility

Mangog_(Earth-616),Superhuman Reflexes

Mangog_(Earth-616),Energy Manipulation

Mangog_(Earth-616),Shapeshifting

Mangog_(Earth-616),Sin Empowerment

Mar-Vell_(Earth-616),Kree Physiology

Mar-Vell_(Earth-616),Super-Humanoid Strength

Mar-Vell_(Earth-616),Super-Humanoid Durability

Mar-Vell_(Earth-616),Super-Humanoid Speed

Mar-Vell_(Earth-616),Super-Humanoid Agility

Mar-Vell_(Earth-616),Super-Humanoid Reflexes

Mar-Vell_(Earth-616),The Casting Of Sensory Illusions

Mar-Vell_(Earth-616),Augmented Physiology

Mar-Vell_(Earth-616),Bolstered Strength

Mar-Vell_(Earth-616),Bolstered Durability

Mar-Vell_(Earth-616),Flight

Mar-Vell_(Earth-616),Teleportation

Mar-Vell_(Earth-616),Cosmic Awareness

Mar-Vell_(Earth-616),Absorption and Manipulation of Radiation/Energy

Mar-Vell_(Earth-616),Nega-Band Based Energy Absorption

Mar-Vell_(Earth-616),Simulated Telekinesis

Mar-Vell_(Earth-616),Healing/Restoration

Mar-Vell_(Earth-616),Solar Energy Metabolics

Mar-Vell_(Earth-616),Flight

Mar-Vell_(Earth-616),Photon Energy Blasts

Mar-Vell_(Earth-616),Energy-Enhanced Strike

Mar-Vell_(Earth-616),Physical Augmentation

Mar-Vell_(Earth-616),Size-Shifting

Mar-Vell_(Earth-616),Virtual Invulnerability

Mar-Vell_(Earth-616),Regenerative Healing Factor

Mar-Vell_(Earth-616),Minor Molecular Control

Marianne_Rodgers_(Earth-616),Telepathy

Marianne_Rodgers_(Earth-616),Telekinesis

Marianne_Rodgers_(Earth-616),Teleportation

Marianne_Rodgers_(Earth-616),Precognition

Maris_Morlak_(Earth-616),Alchemy

Martin_Blank_(Earth-616),Primate Physiology

Marvin_Flumm_(Earth-616),Low-Level Telepathy

Marvin_Flumm_(Earth-616),Telepathic Illusions

Marvin_Flumm_(Earth-616),Mind Control

Marvin_Flumm_(Earth-616),Mental Probes

Master_Mold_(Earth-616),Robot

Master_Mold_(Earth-616),Sentinel

Master_Mold_(Earth-616),Mutant detection

Master_Mold_(Earth-616),Flight

Master_Mold_(Earth-616),Tracking missiles

Master_Mold_(Earth-616),Sleep-inducing Beacon

Master_Mold_(Earth-616),Mind control

Master_Mold_(Earth-616),Ice-blast

Master_Mold_(Earth-616),Self-Repair

Matthew_Murdock_(Earth-616),Radioactive Enhanced Physiology

Matthew_Murdock_(Earth-616),Superhuman Sensory System

Matthew_Murdock_(Earth-616),Superhuman Touch

Matthew_Murdock_(Earth-616),Peak Human Strength

Matthew_Murdock_(Earth-616),Peak Human Speed

Matthew_Murdock_(Earth-616),Superhuman Reflexes

Matthew_Murdock_(Earth-616),Superhuman Agility

Matthew_Murdock_(Earth-616),Enhanced Stamina

Matthew_Murdock_(Earth-616),Enhanced Endurance

Matthew_Murdock_(Earth-616),Superhuman Smell

Matthew_Murdock_(Earth-616),Enhanced Tracking

Matthew_Murdock_(Earth-616),Illusion Awareness

Matthew_Murdock_(Earth-616),Blindsight

Matthew_Murdock_(Earth-616),Superhuman Hearing

Matthew_Murdock_(Earth-616),Lie Detection

Matthew_Murdock_(Earth-616),Sonar Sense

Matthew_Murdock_(Earth-616),Superhuman Taste

Matthew_Murdock_(Earth-616),Superhuman Balance

Matthew_Murdock_(Earth-616),Telepathy

Matthew_Murdock_(Earth-616),Telepathic Immunity

Matthew_Murdock_(Earth-616),Radar Sense

Matthew_Murdock_(Earth-616),Proximity Sense

Matthew_Murdock_(Earth-616),Person Identification

Maximus_Boltagon_(Earth-616),Mental Manipulation

Maximus_Boltagon_(Earth-616),Mind Control

Maximus_Boltagon_(Earth-616),Mind Reading

Maximus_Boltagon_(Earth-616),Brainwave Manipulation

Maximus_Boltagon_(Earth-616),Memory Alteration

Maximus_Boltagon_(Earth-616),Telepathic Illusions

Maximus_Boltagon_(Earth-616),Personality Alteration

Maximus_Boltagon_(Earth-616),Precognition

Maxwell_Dillon_(Earth-616),Electrostatic Energy Generation

Maxwell_Dillon_(Earth-616),Lightning Bolt Projection

Maxwell_Dillon_(Earth-616),Electromagnetic Propulsion via Electrical Lines and Bridges

Maxwell_Dillon_(Earth-616),Electrical Detection

Maxwell_Dillon_(Earth-616),Electrocution

Maxwell_Dillon_(Earth-616),Recharging

Maxwell_Dillon_(Earth-616),Electrical Conversion into Enhanced Physical Attributions

Maxwell_Dillon_(Earth-616),Metal Ionization

Maxwell_Dillon_(Earth-616),Disruption of Wall-Crawling Abilities

Maxwell_Dillon_(Earth-616),Localized Electromagnetic Storms

Max_Eisenhardt_(Earth-616),Alpha-mutant

Max_Eisenhardt_(Earth-616),Omega Level Mutant

Max_Eisenhardt_(Earth-616),Magnetokinesis

Max_Eisenhardt_(Earth-616),Magnetic Force-Fields

Max_Eisenhardt_(Earth-616),Magnetic Armor

Max_Eisenhardt_(Earth-616),Magnetic Rays

Max_Eisenhardt_(Earth-616),Magnetic Flight

Max_Eisenhardt_(Earth-616),Geomagnetic Link

Max_Eisenhardt_(Earth-616),Gravity Reduction

Max_Eisenhardt_(Earth-616),Metal/Matter Manipulation

Max_Eisenhardt_(Earth-616),Metal Morphing

Max_Eisenhardt_(Earth-616),Organic Iron Manipulation

Max_Eisenhardt_(Earth-616),Electromagnetic Sight

Max_Eisenhardt_(Earth-616),Electromagnetic Spectrum Manipulation

Max_Eisenhardt_(Earth-616),Electrokinesis

Max_Eisenhardt_(Earth-616),Wormhole Creation

Max_Eisenhardt_(Earth-616),Photokinesis

Max_Eisenhardt_(Earth-616),Astral Projection (possibly formerly)

Max_Eisenhardt_(Earth-616),Telepathic Resistance

Maynard_Tiboldt_(Earth-616),Hypnotism

Medusalith_Amaquelin_(Earth-616),Inhuman Metabolism

Medusalith_Amaquelin_(Earth-616),Enhanced Reflexes

Medusalith_Amaquelin_(Earth-616),Enhanced Endurance

Medusalith_Amaquelin_(Earth-616),Enhanced Speed

Medusalith_Amaquelin_(Earth-616),Enhanced Strength

Medusalith_Amaquelin_(Earth-616),Trichokinesis

Medusalith_Amaquelin_(Earth-616),Highly Resilient Hair

Mendel_Stromm_(Earth-616),Superior Strength

Mendel_Stromm_(Earth-616),Superhuman Agility

Mendel_Stromm_(Earth-616),Superhuman Durability

Mendel_Stromm_(Earth-616),Regeneration

Mendel_Stromm_(Earth-616),Technopathy

Mephisto_(Earth-616),Superhuman Strength

Mephisto_(Earth-616),Superhuman Speed

Mephisto_(Earth-616),Superhuman Stamina

Mephisto_(Earth-616),Superhuman Durability

Mephisto_(Earth-616),Regenerative Healing Factor

Mephisto_(Earth-616),Immortality

Mephisto_(Earth-616),Magical Manipulation

Mephisto_(Earth-616),Shapeshifting

Mephisto_(Earth-616),Ensnare Astral Bodies

Mephisto_(Earth-616),Dimensional Entrapment

Mephisto_(Earth-616),Netherworld Dimensional Power Tap

Mephisto_(Earth-616),Reality Manipulation

Mephisto_(Earth-616),Penance Stare immunity

Mephisto_(Earth-616),Medium Awareness

Michael_Marko_(Earth-616),Superhuman Strength

Michael_Marko_(Earth-616),Superhuman Stamina

Michael_Marko_(Earth-616),Superhuman Durability

Michael_Tucker_(Earth-616),References

Michel_Berman_(Earth-616),Hypnosis

Michel_Berman_(Earth-616),Energy Blasts

Miles_Warren_(Earth-616),Transformation

Milos_Masaryk_(Earth-616),Superhuman Strength

Milos_Masaryk_(Earth-616),Superhuman Stamina

Milos_Masaryk_(Earth-616),Superhuman Durability

Milos_Masaryk_(Earth-616),Power Beam

MjNari_(Earth-92131),Superhuman Speed

Molyb_(Earth-616),Magnetokinesis

Monster_of_Badoon_(Earth-616),Strength level

Morgan_le_Fay_(Earth-616),Spell Casting

Morgan_le_Fay_(Earth-616),Reality Warping

Morgan_le_Fay_(Earth-616),Time Travel

Morgan_le_Fay_(Earth-616),Necromancy

Morgan_le_Fay_(Earth-616),Resurrection

Morgan_le_Fay_(Earth-616),Power Granting

Morgan_le_Fay_(Earth-616),Flight

Morgan_le_Fay_(Earth-616),Teleportation

Morgan_le_Fay_(Earth-616),Omnipresence

Morgan_le_Fay_(Earth-616),Shape Shifting

Morgan_le_Fay_(Earth-616),Transmutation

Morgan_le_Fay_(Earth-616),Energy Projection

Morgan_le_Fay_(Earth-616),Illusions

Morgan_le_Fay_(Earth-616),Astral Projection

Morrat_(Earth-616),Skrull Shape-Shifting

Mortimer_Toynbee_(Earth-616),Superhuman Leaping

Mortimer_Toynbee_(Earth-616),Flexible Bone Structure

Mortimer_Toynbee_(Earth-616),Superhuman Stamina

Mortimer_Toynbee_(Earth-616),Superhuman Agility

Mortimer_Toynbee_(Earth-616),Superhuman Reflexes

Mortimer_Toynbee_(Earth-616),Superhuman Durability

Mortimer_Toynbee_(Earth-616),Regenerative Healing Factor

Mortimer_Toynbee_(Earth-616),UV/Infrared Vision

Mortimer_Toynbee_(Earth-616),Prehensile Tongue

Mortimer_Toynbee_(Earth-616),Pheromone Secretion

Mortimer_Toynbee_(Earth-616),Acidic Saliva

Mortimer_Toynbee_(Earth-616),Paralytic Resin

Mortimer_Toynbee_(Earth-616),Superhuman Respiratory System

Mortimer_Toynbee_(Earth-616),Amphibian Control

Mowfus_(Earth-616),Power Grid

Napoleon_Robberson_(Earth-616),Skrull Shape-Shifting

Nathaniel_Richards_(Immortus)_(Earth-6311),Aging

Nathaniel_Richards_(Kang)_(Earth-6311),Increased Lifespan

Nathaniel_Richards_(Rama-Tut)_(Earth-6311),Aging

Nathan_Dolly_(Earth-616),Brothers Grimm Bodies

Nicholas_Fury_(Earth-616),Cosmic Awareness

Norman_Osborn_(Earth-616),Carnage

Norman_Osborn_(Earth-616),Primordial Symbiotic Costume

Norman_Osborn_(Earth-616),Superhuman Strength

Norman_Osborn_(Earth-616),Superhuman Durability

Norman_Osborn_(Earth-616),Superhuman Stamina

Norman_Osborn_(Earth-616),Superhuman Speed

Norman_Osborn_(Earth-616),Superhuman Agility

Norman_Osborn_(Earth-616),Superhuman Reflexes

Norman_Osborn_(Earth-616),Regenerative Healing Factor

Norman_Osborn_(Earth-616),Wall-Crawling

Norman_Osborn_(Earth-616),Genetic Memory

Norman_Osborn_(Earth-616),Fangs and Claws

Norman_Osborn_(Earth-616),Constituent-Matter Generation

Norman_Osborn_(Earth-616),Shapeshifting

Norman_Osborn_(Earth-616),Green Goblin

Norman_Osborn_(Earth-616),Goblin Formula

Norman_Osborn_(Earth-616),Superhuman Strength

Norman_Osborn_(Earth-616),Superhuman Speed

Norman_Osborn_(Earth-616),Superhuman Stamina

Norman_Osborn_(Earth-616),Superhuman Durability

Norman_Osborn_(Earth-616),Regenerative Healing Factor

Norman_Osborn_(Earth-616),Superhuman Agility

Norman_Osborn_(Earth-616),Superhuman Reflexes

Norton_Fester_(Earth-616),Superhuman Strength

Norton_Fester_(Earth-616),Superhuman Stamina

Norton_Fester_(Earth-616),Superhuman Durability

Ophelia_Sarkissian_(Earth-616),Toxin Immunity

Oshtur_(Earth-616),Protection

Oshtur_(Earth-616),Paralysis

Oshtur_(Earth-616),Transmogrification

Oshtur_(Earth-616),Exorcism

Oshtur_(Earth-616),Levitation

Oshtur_(Earth-616),Mystic Shield

Oshtur_(Earth-616),Mystic Bolts

Otto_Octavius_(Earth-616),Spider Physiology

Otto_Octavius_(Earth-616),Wall-Crawling

Otto_Octavius_(Earth-616),Superhuman Strength

Otto_Octavius_(Earth-616),Superhuman Speed

Otto_Octavius_(Earth-616),Superhuman Stamina

Otto_Octavius_(Earth-616),Superhuman Durability

Otto_Octavius_(Earth-616),Superhuman Agility

Otto_Octavius_(Earth-616),Superhuman Equilibrium

Otto_Octavius_(Earth-616),Superhuman Reflexes

Otto_Octavius_(Earth-616),Regenerative Healing Factor

Otto_Octavius_(Earth-616),Contaminant Immunity

Otto_Octavius_(Earth-616),Spider-Sense

Otto_Octavius_(Earth-616),Radio Frequency Detection

Owen_Reece_(Earth-616),Molecular Manipulation

Patricia_Walker_(Earth-616),Enhanced Human

Patricia_Walker_(Earth-616),Titanian Mental Enhancements

Patricia_Walker_(Earth-616),Costume Summoning

Patricia_Walker_(Earth-616),Magical Resistance

Paul_Duval_(Earth-616),Transmutation

Paul_Duval_(Earth-616),Stone Form

Paul_Duval_(Earth-616),Superhuman Strength

Paul_Duval_(Earth-616),Bulletproof Durability

Paul-Philip_Ravage_(Earth-928),Original Powers

Paul-Philip_Ravage_(Earth-928),Energy Blasts

Paul-Philip_Ravage_(Earth-928),Powers via Radioactive Mutation

Paul-Philip_Ravage_(Earth-928),Superhumanly Acute Senses

Paul-Philip_Ravage_(Earth-928),Superhuman Strength

Paul-Philip_Ravage_(Earth-928),Superhuman Agility

Paul-Philip_Ravage_(Earth-928),Superhuman Reflexes

Paul-Philip_Ravage_(Earth-928),Claws

Peter_Parker_(Earth-616),Spider Physiology

Peter_Parker_(Earth-616),Wall-Crawling

Peter_Parker_(Earth-616),Mark of Kaine

Peter_Parker_(Earth-616),Superhuman Strength

Peter_Parker_(Earth-616),Superhuman Speed

Peter_Parker_(Earth-616),Superhuman Stamina

Peter_Parker_(Earth-616),Superhuman Durability

Peter_Parker_(Earth-616),Superhuman Agility

Peter_Parker_(Earth-616),Regenerative Healing Factor

Peter_Parker_(Earth-616),Enhanced Immune System

Peter_Parker_(Earth-616),Superhuman Equilibrium

Peter_Parker_(Earth-616),Superhuman Reflexes

Peter_Parker_(Earth-616),Spider-Sense

Peter_Parker_(Earth-616),Radio Frequency Detection

Phillip_Masters_(Earth-616),Sympathetic Magic

Phillip_Masters_(Earth-616),Mineral Body

Phoebus_Apollo_(Earth-616),Olympian Physiology

Phoebus_Apollo_(Earth-616),Superhuman Strength

Phoebus_Apollo_(Earth-616),Superhuman Speed

Phoebus_Apollo_(Earth-616),Superhuman Stamina

Phoebus_Apollo_(Earth-616),Superhuman Durability

Phoebus_Apollo_(Earth-616),Superhumanly Dense Tissue

Phoebus_Apollo_(Earth-616),Regenerative Healing Factor

Phoebus_Apollo_(Earth-616),True Immortality

Phoebus_Apollo_(Earth-616),Energy Manipulation

Phoebus_Apollo_(Earth-616),Precognitive Powers

Phoebus_Apollo_(Earth-616),Godly Decrees

Phoebus_Apollo_(Earth-616),Allspeak

Pietro_Maximoff_(Earth-616),Speed Physiology

Pietro_Maximoff_(Earth-616),Superhuman Speed

Pietro_Maximoff_(Earth-616),Enhanced Durability

Pietro_Maximoff_(Earth-616),Superhuman Reflexes

Pietro_Maximoff_(Earth-616),Accelerated Metabolism

Pietro_Maximoff_(Earth-616),Superhuman Stamina

Pietro_Maximoff_(Earth-616),Superhuman Agility

Pietro_Maximoff_(Earth-616),Enhanced Strength

Pietro_Maximoff_(Earth-616),Quick Intelligence

Pietro_Maximoff_(Earth-616),Navigation

Pietro_Maximoff_(Earth-616),Molecular Acceleration/Destabilization

Pietro_Maximoff_(Earth-616),Intangibility

Poseidon_Aegaeus_(Earth-616),Superhuman Strength

Poseidon_Aegaeus_(Earth-616),Superhuman Speed

Poseidon_Aegaeus_(Earth-616),Superhuman Stamina

Poseidon_Aegaeus_(Earth-616),Superhumanly Dense Tissue

Poseidon_Aegaeus_(Earth-616),Superhuman Durability

Poseidon_Aegaeus_(Earth-616),Regenerative Healing Factor

Poseidon_Aegaeus_(Earth-616),Immortality

Poseidon_Aegaeus_(Earth-616),Self Sustenance

Poseidon_Aegaeus_(Earth-616),Hydrokinesis

Poseidon_Aegaeus_(Earth-616),Atmokinesis

Poseidon_Aegaeus_(Earth-616),Energy Manipulation

Poseidon_Aegaeus_(Earth-616),Aquatic Zoopathy

Poseidon_Aegaeus_(Earth-616),Allspeak

Psycho-Man_(Earth-616),Cosmic Level Threat

Rabble_Rouser_(Weinberg)_(Earth-616),Power Grid

Rakkhal_(Earth-6966),Superhuman Strength

Rakkhal_(Earth-6966),Invulnerability

Rakkhal_(Earth-6966),Energy Projection

Randac_(Earth-616),Telepathy

Randac_(Earth-616),Concussive blasts

Raymond_Bloch_(Earth-616),Increased Strength

Redwing_(Earth-616),Telepathic link

Reed_Richards_(Earth-616),Hyper-Intelligence

Reed_Richards_(Earth-616),Plasticity

Reed_Richards_(Earth-616),Dense Flesh

Reed_Richards_(Earth-616),Contain Explosions

Reed_Richards_(Earth-616),Redirect Projectiles

Reed_Richards_(Earth-616),Elongation

Reed_Richards_(Earth-616),Grappling

Reed_Richards_(Earth-616),Movement

Reed_Richards_(Earth-616),Shape Changing

Reed_Richards_(Earth-616),Imitation

Reed_Richards_(Earth-616),"Canopy, Parachute or Sheath"

Reed_Richards_(Earth-616),Gliding

Reed_Richards_(Earth-616),Cushion

Reed_Richards_(Earth-616),Sling Shot

Reed_Richards_(Earth-616),Geometric Shapes

Reed_Richards_(Earth-616),Fist Weapons

Reed_Richards_(Earth-616),Bouncing Ball

Reed_Richards_(Earth-616),Two-Dimensionality

Reed_Richards_(Earth-616),Infiltration

Reed_Richards_(Earth-616),Open Locks

Reed_Richards_(Earth-616),Wind Generation

Reed_Richards_(Earth-616),Semi-Solid Liquid State

Reed_Richards_(Earth-616),Nigh Omnipotence

"Reed_Richards_(Skrull,_Cow)_(Earth-616)",Skrull Shape-Shifting

Richard_Janus_(Earth-616),Power Grid

Richard_Jones_(Earth-616),Destiny Force

Richard_Jones_(Earth-616),Enhanced Learning Capabilities

Richard_Jones_(Earth-616),Gamma Mutation

Richard_Jones_(Earth-616),Energy Projection

Richard_Jones_(Earth-616),Flight

Robert_Drake_(Earth-616),Omega Level Mutate

Robert_Drake_(Earth-616),Alpha-Level Mutant

Robert_Drake_(Earth-616),High Threat

Robert_Drake_(Earth-616),Thermokinesis

Robert_Drake_(Earth-616),Thermal Vision

Robert_Drake_(Earth-616),Cryokinesis

Robert_Drake_(Earth-616),Organic-Ice Form

Robert_Drake_(Earth-616),Hydrokinesis

Robert_Drake_(Earth-616),Molecular Moisture Inversion

Robert_Drake_(Earth-616),Molecular Moisture Conversion

Robert_Drake_(Earth-616),Ice Clone Generation

Robert_Drake_(Earth-616),Cryokinetic Perception

Robert_Grayson_(Earth-616),Augmented Physical Abilities

Robert_Grayson_(Earth-616),Superhuman Strength

Robert_Grayson_(Earth-616),Superhuman Durability

Robert_Grayson_(Earth-616),Superhuman Stamina

Robert_Ralston_(Earth-616),Infinity Formula

Ronan_(Earth-616),Alpha Plus

Ronan_(Earth-616),Alpha Class

Ronan_(Earth-616),Kree Physiology

Ronan_(Earth-616),Black Vortex Empowerment

Ronan_(Earth-616),Pocket Universe Creation

Samuel_Saxon_(Earth-616),Consciousness Transfer

Samuel_Smithers_(Earth-616),Plant Manipulation

Samuel_Sterns_(Earth-616),Super-Genius Intelligence

Samuel_Sterns_(Earth-616),Telepathy

Samuel_Sterns_(Earth-616),Telekinesis

Samuel_Sterns_(Earth-616),Gamma Radiation Projection

Samuel_Wilson_(Earth-616),Avian Telepathy

Sandu_(Earth-616),Low-Level Telepathy

Sandu_(Earth-616),Telepathy

Sandu_(Earth-616),Telekenisis

Sandu_(Earth-616),Teleportation

Scarlet_Beetle_(Earth-616),Zoopathy

Scarlet_Beetle_(Earth-616),Telepathy

Scarlet_Beetle_(Earth-616),Superhuman Strength

Scott_Summers_(Earth-616),Alpha-Mutant

Scott_Summers_(Earth-616),Optic Blast

Scott_Summers_(Earth-616),Spatial Awareness

Scott_Summers_(Earth-616),Energy Resistance

Sergei_Kravinoff_(Earth-616),Chemical/Magical Enhancement

Sergei_Kravinoff_(Earth-616),Superhuman Strength

Sergei_Kravinoff_(Earth-616),Superhuman Speed

Sergei_Kravinoff_(Earth-616),Superhuman Stamina

Sergei_Kravinoff_(Earth-616),Superhuman Durability

Sergei_Kravinoff_(Earth-616),Superhuman Agility

Sergei_Kravinoff_(Earth-616),Superhuman Reflexes

Sergei_Kravinoff_(Earth-616),Extended Longevity

Sergei_Kravinoff_(Earth-616),Enhanced Senses

Sergei_Kravinoff_(Earth-616),Immortality

Sersi_(Earth-616),Near-Immortality

Sersi_(Earth-616),Super Strength

Sersi_(Earth-616),Superhuman Stamina

Sersi_(Earth-616),Regenerative Healing Factor

Sersi_(Earth-616),Telepathy

Sersi_(Earth-616),Illusions

Sersi_(Earth-616),Telekinesis

Sersi_(Earth-616),Flight

Sersi_(Earth-616),Cosmic Energy Projection

Sersi_(Earth-616),Teleportation

Sersi_(Earth-616),Matter Transmutation

Sif_(Earth-616),Asgardian Physiology

Sif_(Earth-616),Superhuman Strength

Sif_(Earth-616),Superhuman Speed

Sif_(Earth-616),Superhuman Stamina

Sif_(Earth-616),Superhuman Durability

Sif_(Earth-616),Superhumanly Dense Tissue

Sif_(Earth-616),Superhuman Longevity

Sif_(Earth-616),Regenerative Healing Factor

Sif_(Earth-616),Instant Teleportation

Silent_Stalker_(Earth-616),Improved Senses

Silent_Stalker_(Earth-616),Super Speed

Silvio_Manfredi_(Earth-616),Superhuman Strength

Silvio_Manfredi_(Earth-616),Superhuman Speed

Silvio_Manfredi_(Earth-616),Superhuman Stamina

Silvio_Manfredi_(Earth-616),Superhuman Durability

Simon_Garth_(Earth-616),Retained Consciousness

Simon_Garth_(Earth-616),Superhuman Strength

Simon_Garth_(Earth-616),Superhuman Stamina

Simon_Garth_(Earth-616),Superhuman Durability

Simon_Garth_(Earth-616),Regenerative Healing Factor

Simon_Garth_(Earth-616),Mystical Senses

Simon_Williams_(Earth-616),Ionic Energy Form

Simon_Williams_(Earth-616),Superhuman Strength

Simon_Williams_(Earth-616),Leaping (latent)

Simon_Williams_(Earth-616),Superhuman Speed

Simon_Williams_(Earth-616),Superhuman Stamina

Simon_Williams_(Earth-616),Invulnerability

Simon_Williams_(Earth-616),Superhuman Agility

Simon_Williams_(Earth-616),Superhuman Reflexes

Simon_Williams_(Earth-616),Superhuman Senses

Simon_Williams_(Earth-616),Superhuman Hearing

Simon_Williams_(Earth-616),Energy Vision

Simon_Williams_(Earth-616),Flight

Simon_Williams_(Earth-616),Immortality

Simon_Williams_(Earth-616),Self-Sustenance

Simon_Williams_(Earth-616),Ionic Regenerative Healing

Simon_Williams_(Earth-616),Energy Manipulation (latent)

Simon_Williams_(Earth-616),Solid Energy Constructs

Simon_Williams_(Earth-616),Electromagnetic Manipulation

Simon_Williams_(Earth-616),Shapeshifting (Latent)

Simon_Williams_(Earth-616),Size Alteration (latent)

Simon_Williams_(Earth-616),Power Recycling (latent)

Simon_Williams_(Earth-616),Teleportation (latent)

Skuld_(Earth-616),Precognition

Skurge_(Earth-616),Storm Giant/Asgardian Physiology

Skurge_(Earth-616),Superhuman Strength

Skurge_(Earth-616),Superhuman Speed

Skurge_(Earth-616),Superhuman Stamina

Skurge_(Earth-616),Superhuman Durability

Skurge_(Earth-616),Superhumanly Dense Tissue

Skurge_(Earth-616),Superhuman Agility

Skurge_(Earth-616),Superhuman Reflexes

Skurge_(Earth-616),Advanced Longevity

Skurge_(Earth-616),Allspeak

Skurge_(Earth-616),Nether Realm Enhancement

Skurge_(Earth-616),Formerly

Skurge_(Earth-616),Magic Blasts

Skurge_(Earth-616),Binding Enchantments

Slave-Master_(Earth-616),Skrull Shape-Shifting

Stephen_Strange_(Earth-616),Sorcerer

Stephen_Strange_(Earth-616),Infinite Longevity/Fearlessness

Stephen_Strange_(Earth-616),Energy Blasts

Stephen_Strange_(Earth-616),Mystic Bolts

Stephen_Strange_(Earth-616),Astral Projection

Stephen_Strange_(Earth-616),Banishment

Stephen_Strange_(Earth-616),Conjuring of Objects

Stephen_Strange_(Earth-616),Transmutation

Stephen_Strange_(Earth-616),Telepathy

Stephen_Strange_(Earth-616),Telekinesis

Stephen_Strange_(Earth-616),Flight

Stephen_Strange_(Earth-616),Protective Shields

Stephen_Strange_(Earth-616),Hypnotism

Stephen_Strange_(Earth-616),Illusions

Stephen_Strange_(Earth-616),Intangibility

Stephen_Strange_(Earth-616),Time Manipulation

Stephen_Strange_(Earth-616),Elemental Manipulation

Stephen_Strange_(Earth-616),Teleportation

Stephen_Strange_(Earth-616),Dimensional Travel

Stephen_Strange_(Earth-616),Universal Awareness

Stephen_Strange_(Earth-616),Various other spells

Stephen_Strange_(Earth-616),The Words

Stephen_Strange_(Earth-616),Energy Blasts

Stephen_Strange_(Earth-616),Pyrokinesis

Stephen_Strange_(Earth-616),Cryokinesis

Stephen_Strange_(Earth-616),Organic Disintegration

Stephen_Strange_(Earth-616),Paralysis

Stephen_Strange_(Earth-616),Divine Sources

Stephen_Strange_(Earth-616),Darkness of the Divine Conduit (Black Magic)

Super-Adaptoid_(Earth-616),Power Mimicry

Surtur_(Earth-616),Superhuman Strength

Surtur_(Earth-616),Living Flame

Surtur_(Earth-616),Pyrokinesis

Surtur_(Earth-616),Cosmic Manipulation

Surtur_(Earth-616),Immortality

Surtur_(Earth-616),Telekinesis

Susan_Storm_(Earth-616),Invisibility

Susan_Storm_(Earth-616),Colour Manipulation

Susan_Storm_(Earth-616),Psionic Force Fields

Susan_Storm_(Earth-616),Shock Waves

T%27Chaka_(Earth-616),Heart-Shaped Herb

T%27Chaka_(Earth-616),Superhumanly Acute Senses

T%27Chaka_(Earth-616),Peak Human Strength

T%27Chaka_(Earth-616),Peak Human Speed

T%27Chaka_(Earth-616),Peak Human Stamina

T%27Chaka_(Earth-616),Peak Human Durability

T%27Chaka_(Earth-616),Peak Human Agility

T%27Chaka_(Earth-616),Peak Human Reflexes

T%27Challa_(Earth-616),Divine Empowerment

T%27Challa_(Earth-616),Black Panther Knowledge

T%27Challa_(Earth-616),Superhumanly Acute Senses

T%27Challa_(Earth-616),Peak Human Strength

T%27Challa_(Earth-616),Peak Human Speed

T%27Challa_(Earth-616),Peak Human Stamina

T%27Challa_(Earth-616),Peak Human Durability

T%27Challa_(Earth-616),Peak Human Regeneration

T%27Challa_(Earth-616),Peak Human Agility

T%27Challa_(Earth-616),Peak Human Endurance

T%27Challa_(Earth-616),Peak Human Reflexes

T%27Challa_(Earth-616),King of the Dead

T%27Challa_(Earth-616),Necromancy

T%27Challa_(Earth-616),Spirit Energy Constructs

T%27Challa_(Earth-616),Hyper-Cosmic Awareness

Tad_Carter_(Earth-616),Telepathy

Tad_Carter_(Earth-616),Mind-reading

Tad_Carter_(Earth-616),Telekinesis

Tana_Nile_(Earth-616),Rigellian Physiology

Tana_Nile_(Earth-616),Telepathy

Taneleer_Tivan_(Earth-616),Virtual Immortality

Taneleer_Tivan_(Earth-616),Precognition

Taneleer_Tivan_(Earth-616),Secondary Form

Thomas_Gideon_(Earth-616),Tachyon Manipulation

Tiana_Sikoski_(Earth-928),Superhuman Strength

Tiana_Sikoski_(Earth-928),Superhuman Durability

Tiana_Sikoski_(Earth-928),Flight

Timothy_Dugan_(Earth-616),Life-Model Decoy Body

Titano_(Earth-616),Superhuman Durability

Titano_(Earth-616),Superhuman Strength

Tomazooma_(Robot)_(Earth-616),Superhuman Strength

Tomazooma_(Robot)_(Earth-616),Superhuman Durability

Torgo_(Earth-616),Superhuman Strength

Torgo_(Earth-616),Superhuman Durability

Triton_(Earth-616),Aquatic Physiology

Triton_(Earth-616),Aquatic Vision

Triton_(Earth-616),Superhuman Strength

Triton_(Earth-616),Superhuman Speed

Triton_(Earth-616),Superhuman Stamina

Triton_(Earth-616),Superhuman Agility

Triton_(Earth-616),Superhuman Reflexes

Triton_(Earth-616),Superhuman Durability

Two-Headed_Thing_(Earth-616),Superhuman Strength

Two-Headed_Thing_(Earth-616),Invulnerability

Two-Headed_Thing_(Earth-616),Telepathy

Two-Headed_Thing_(Earth-616),Shape Shifting

Uatu_(Earth-616),Telepathy

Uatu_(Earth-616),Invisibility (Telepathic)

Uatu_(Earth-616),Illusion Generation

Uatu_(Earth-616),Energy Manipulation

Uatu_(Earth-616),Teleportation

Uatu_(Earth-616),Time Travel

Uatu_(Earth-616),Force Field Generation

Uatu_(Earth-616),Containment

Uatu_(Earth-616),Flight

Uatu_(Earth-616),Cosmic Conscience

Uatu_(Earth-616),Immortality

Uatu_(Earth-616),Size Alteration

Ula_(Earth-616),Superhuman Strength

Ula_(Earth-616),Superhuman Speed

Ula_(Earth-616),Superhuman Stamina

Ula_(Earth-616),Superhumanly Dense Tissue

Ula_(Earth-616),Superhuman Durability

Ula_(Earth-616),Regenerative Healing Factor

Ula_(Earth-616),Extended Longevity

Ulik_(Earth-616),Rock Troll Physiology

Ulik_(Earth-616),Superhuman Strength

Ulik_(Earth-616),Superhuman Speed

Ulik_(Earth-616),Superhuman Stamina

Ulik_(Earth-616),Superhuman Agility

Ulik_(Earth-616),Superhuman Reflexes

Ulik_(Earth-616),Superhuman Durability

Ulik_(Earth-616),Extended Longevity

Ulik_(Earth-616),Regenerative Healing Factor

Ulik_(Earth-616),Superhuman Sight

Uller_(Earth-616),Asgardian Physiology

Uller_(Earth-616),Superhuman Strength

Uller_(Earth-616),Superhuman Speed

Uller_(Earth-616),Superhuman Stamina

Uller_(Earth-616),Superhuman Durability

Uller_(Earth-616),Superhumanly Dense Tissue

Uller_(Earth-616),Superhuman Longevity

Uller_(Earth-616),Regenerative Healing Factor

Ultimo_(Earth-616),Superhuman Strength

Ultimo_(Earth-616),Superhuman Stamina

Ultimo_(Earth-616),Superhuman Speed

Ultimo_(Earth-616),Invulnerability

Ultimo_(Earth-616),Energy Absorption

Ultimo_(Earth-616),Energy Projection

Ultimo_(Earth-616),Energy Conversion

Ultimo_(Earth-616),Size-Alteration

Ultimo_(Earth-616),Reactive Adaptation

Ultimo_(Earth-616),Self Restoration

Ultimo_(Earth-616),Metal Morphing

Ultimo_(Earth-616),Infection

Ultimo_(Earth-616),Plants

Ultimo_(Earth-616),Animals

Ultimo_(Earth-616),Humans

Ultimo_(Earth-616),Techno-Matter Conversion/Absorption

Ultimo_(Earth-616),Mass Manipulation

Ultimo_(Earth-616),Technoforming

Ultimo_(Earth-616),Cyber Interface

Ulysses_Klaw_(Earth-616),Solid Sound Body

Ulysses_Klaw_(Earth-616),Immortality and indestructibility

Ulysses_Klaw_(Earth-616),Sound Generation

Urd_(Earth-616),Retrocognition

Valtrauta_(Earth-616),Superhuman Strength

Valtrauta_(Earth-616),Superhuman Speed

Valtrauta_(Earth-616),Superhuman Stamina

Valtrauta_(Earth-616),Superhumanly Dense Tissue

Valtrauta_(Earth-616),Superhuman Durability

Valtrauta_(Earth-616),Superhuman Agility

Valtrauta_(Earth-616),Superhuman Reflexes

Valtrauta_(Earth-616),Superhuman Longevity

Valtrauta_(Earth-616),Regenerative Healing Factor

Valtrauta_(Earth-616),Death Perception

Valtrauta_(Earth-616),Mystical Teleportation

Vanisher_(Earth-616),Teleportation

Vanisher_(Earth-616),Conscious Spatial Awareness

Vanisher_(Earth-616),Partial Teleportation

Verdandi_(Earth-616),Clairvoyance

Ve_Borson_(Earth-616),Allspeak

Victoria_Bentley_(Earth-616),Magic

Victor_von_Doom_(Earth-616),Magic

Victor_von_Doom_(Earth-616),Mystical Blasts

Victor_von_Doom_(Earth-616),Mystical Force-Fields

Victor_von_Doom_(Earth-616),Invoke Entities

Victor_von_Doom_(Earth-616),Spell Casting

Victor_von_Doom_(Earth-616),Spell Reversing

Victor_von_Doom_(Earth-616),Summoning

Victor_von_Doom_(Earth-616),Teleportation

Victor_von_Doom_(Earth-616),Dimensional Travel

Victor_von_Doom_(Earth-616),Mystical Ensnaring

Victor_von_Doom_(Earth-616),Mystical Portals

Victor_von_Doom_(Earth-616),Healing

Victor_von_Doom_(Earth-616),Banishment

Victor_von_Doom_(Earth-616),Time-travel

Victor_von_Doom_(Earth-616),Power Absorption

Victor_von_Doom_(Earth-616),Elemental Manipulation

Victor_von_Doom_(Earth-616),Psionics

Victor_von_Doom_(Earth-616),Mind Transference

Victor_von_Doom_(Earth-616),Hypnotism

Victor_von_Doom_(Earth-616),Technopathy

Victor_von_Doom_(Earth-616),Telekinesis

Victor_von_Doom_(Earth-616),Power Nullification

Victor_von_Doom_(Earth-616),Enhanced Senses

Vili_Borson_(Earth-616),Allspeak

Vincent_Farnsworth_(Earth-616),Intangibility

Virginia_Potts_(Earth-616),R.T. node

Virginia_Potts_(Earth-616),Energy Emanation

Virginia_Potts_(Earth-616),Electrical Fields Detection

Virginia_Potts_(Earth-616),Magnetic Force-Field

Virginia_Potts_(Earth-616),Levitation

Virginia_Potts_(Earth-616),Enhanced Senses

Virginia_Potts_(Earth-616),Enhanced Strength

Virginia_Potts_(Earth-616),Regenerative Durability

Volstagg_(Earth-616),Asgardian Physiology

Volstagg_(Earth-616),Superhuman Strength

Volstagg_(Earth-616),Superhuman Stamina

Volstagg_(Earth-616),Superhuman Durability

Volstagg_(Earth-616),Superhumanly Dense Tissue

Volstagg_(Earth-616),Regenerative Healing Factor

Volstagg_(Earth-616),Extended Longevity

Walter_Collins_(Earth-616),Power Grid

Wanda_Maximoff_(Earth-616),Chaos Magic Reality Warping

Wanda_Maximoff_(Earth-616),Hex Bolts

Weed_(Monster)_(Earth-616),Telepathy

Weed_(Monster)_(Earth-616),Mind Control

White_Ninja_(Earth-616),Imperceptibility

White_Ninja_(Earth-616),Undetectable

William_Baker_(Earth-616),Sand Body

William_Baker_(Earth-616),Sand Control Transferral

William_Baker_(Earth-616),Immortality

William_Baker_(Earth-616),Self-Sustenance

William_Connors_(Earth-616),Lizard Physiology

William_Connors_(Earth-616),Superhuman Strength

William_Connors_(Earth-616),Superhuman Speed

William_Connors_(Earth-616),Superhuman Stamina

William_Connors_(Earth-616),Superhuman Durability

William_Connors_(Earth-616),Superhuman Agility

William_Connors_(Earth-616),Superhuman Reflexes

William_Connors_(Earth-616),Regenerative Healing Factor

William_Connors_(Earth-616),Tail

William_Connors_(Earth-616),Fangs Claws

William_Connors_(Earth-616),Wall Crawling

William_Foster_(Earth-616),Size Alteration.

William_Foster_(Earth-616),Super-Human Strength Based On Increased Size.

Wolfgang_von_Strucker_(Earth-616),Deathspore Virus

Wolfgang_von_Strucker_(Earth-616),Suppressed Aging

Wolfgang_von_Strucker_(Earth-616),Durability

Wolfgang_von_Strucker_(Earth-616),Regenerative healing factor

Wolfgang_von_Strucker_(Earth-616),Death Spore Release

Ymir_(Earth-616),Superhuman Strength

Ymir_(Earth-616),Frost Immunity

Ymir_(Earth-616),Cryokinesis

Ymir_(Earth-616),Cryokinesis Inhibition

Ymir_(Earth-616),Immortality

Ymir_(Earth-616),Regeneration

Yon-Rogg_(Earth-616),Kree Physiology

Yon-Rogg_(Earth-616),Photonic Blasts

Zabu_(Earth-616),Smilodon Physiology

Zabu_(Earth-616),Heightened Sense of Smell

Zabu_(Earth-616),Remarkable Hearing

Zabu_(Earth-616),Night-Vision

Zabu_(Earth-616),Razor Sharp Claws Teeth

Zabu_(Earth-616),Two Sabre-Teeth

Zabu_(Earth-616),Retarded aging

Zabu_(Earth-616),Near-Human Intelligence

Zantor_(Earth-616),Atlantean Abilities

Zebediah_Killgrave_(Earth-616),Mind Control via Pheromones

Zebediah_Killgrave_(Earth-616),Accelerated Healing Factor

Zeus_Panhellenios_(Earth-616),Olympian Deity Physiology

Zeus_Panhellenios_(Earth-616),Superhuman Strength

Zeus_Panhellenios_(Earth-616),Superhuman Speed

Zeus_Panhellenios_(Earth-616),Superhuman Agility

Zeus_Panhellenios_(Earth-616),Superhuman Reflexes

Zeus_Panhellenios_(Earth-616),Godlike Stamina

Zeus_Panhellenios_(Earth-616),Superhumanly Dense Tissue

Zeus_Panhellenios_(Earth-616),Invulnerability

Zeus_Panhellenios_(Earth-616),Regenerative Healing Factor

Zeus_Panhellenios_(Earth-616),Self Sustenance

Zeus_Panhellenios_(Earth-616),Immortality

Zeus_Panhellenios_(Earth-616),Magical Manipulation

Zeus_Panhellenios_(Earth-616),Spell Casting

Zeus_Panhellenios_(Earth-616),Energy Avatar

Zeus_Panhellenios_(Earth-616),Shape-Shifting

Zeus_Panhellenios_(Earth-616),Energy Projection

Zeus_Panhellenios_(Earth-616),Flight

Zeus_Panhellenios_(Earth-616),Electrokinesis

Zeus_Panhellenios_(Earth-616),Precognition

Zeus_Panhellenios_(Earth-616),Allspeak